instant,dteday,season,yr,mnth,hr,holiday,weekday,workingday,weathersit,temp,atemp,hum,windspeed,casual,registered,cnt
1,2024-01-01,1,0,1,0,1,0,0,3,1.32,2.84,71.4,6.9,1,1,2
2,2024-01-01,1,0,1,1,1,0,0,1,1.0,1.58,54.8,3.7,2,1,3
3,2024-01-01,1,0,1,2,1,0,0,2,-0.27,0.22,64.9,38.2,1,0,1
4,2024-01-01,1,0,1,3,1,0,0,1,2.53,4.29,60.8,4.9,2,1,3
5,2024-01-01,1,0,1,4,1,0,0,1,5.8,9.02,66.1,9.8,2,1,3
6,2024-01-01,1,0,1,5,1,0,0,1,6.87,7.44,45.1,3.8,3,2,5
7,2024-01-01,1,0,1,6,1,0,0,3,8.56,10.27,60.9,7.1,2,1,3
8,2024-01-01,1,0,1,7,1,0,0,1,10.46,10.74,60.4,10.4,7,9,16
9,2024-01-01,1,0,1,8,1,0,0,1,10.9,14.59,46.1,6.0,11,12,23
10,2024-01-01,1,0,1,9,1,0,0,1,12.82,13.83,48.0,1.9,10,12,22
11,2024-01-01,1,0,1,10,1,0,0,1,14.08,15.28,54.1,20.7,12,14,26
12,2024-01-01,1,0,1,11,1,0,0,1,14.81,15.58,29.9,10.8,23,28,51
13,2024-01-01,1,0,1,12,1,0,0,1,11.06,11.31,64.6,8.2,24,20,44
14,2024-01-01,1,0,1,13,1,0,0,4,13.86,14.65,47.1,5.9,5,5,10
15,2024-01-01,1,0,1,14,1,0,0,1,12.01,13.09,48.8,1.8,26,32,58
16,2024-01-01,1,0,1,15,1,0,0,1,10.79,11.54,60.0,2.6,19,23,42
17,2024-01-01,1,0,1,16,1,0,0,2,11.43,11.44,42.6,12.2,14,18,32
18,2024-01-01,1,0,1,17,1,0,0,1,9.39,9.82,69.3,11.8,10,14,24
19,2024-01-01,1,0,1,18,1,0,0,1,6.51,8.28,59.4,14.8,4,7,11
20,2024-01-01,1,0,1,19,1,0,0,1,5.84,7.12,58.7,14.9,5,6,11
21,2024-01-01,1,0,1,21,1,0,0,1,3.5,3.51,59.3,11.1,4,5,9
22,2024-01-01,1,0,1,22,1,0,0,2,2.91,4.32,89.1,12.6,2,1,3
23,2024-01-01,1,0,1,23,1,0,0,1,1.11,2.18,77.8,1.2,1,0,1
24,2024-01-02,1,0,1,0,0,1,1,1,3.34,3.48,52.3,13.5,1,1,2
25,2024-01-02,1,0,1,1,0,1,1,1,4.47,5.48,60.9,17.1,1,0,1
26,2024-01-02,1,0,1,2,0,1,1,1,3.14,5.47,55.4,6.4,4,3,7
27,2024-01-02,1,0,1,3,0,1,1,1,3.49,4.3,72.9,8.2,2,2,4
28,2024-01-02,1,0,1,4,0,1,1,1,8.0,7.85,64.5,8.4,1,1,2
29,2024-01-02,1,0,1,5,0,1,1,3,7.87,7.35,65.5,5.0,2,2,4
30,2024-01-02,1,0,1,6,0,1,1,1,9.6,10.11,52.6,5.5,10,13,23
31,2024-01-02,1,0,1,7,0,1,1,1,9.99,11.71,56.5,14.8,4,23,27
32,2024-01-02,1,0,1,8,0,1,1,2,12.92,13.76,50.5,17.6,3,24,27
33,2024-01-02,1,0,1,9,0,1,1,1,13.53,15.08,49.4,10.6,7,34,41
34,2024-01-02,1,0,1,10,0,1,1,2,13.26,13.28,61.3,14.6,5,5,10
35,2024-01-02,1,0,1,11,0,1,1,2,14.25,16.03,50.3,4.1,6,6,12
36,2024-01-02,1,0,1,12,0,1,1,4,15.56,16.16,46.9,9.9,1,0,1
37,2024-01-02,1,0,1,13,0,1,1,1,14.81,16.05,62.9,15.2,2,1,3
38,2024-01-02,1,0,1,14,0,1,1,1,14.85,15.19,55.2,22.7,9,14,23
39,2024-01-02,1,0,1,15,0,1,1,1,14.66,17.38,45.1,15.3,12,14,26
40,2024-01-02,1,0,1,16,0,1,1,1,11.26,11.78,36.3,5.4,6,44,50
41,2024-01-02,1,0,1,17,0,1,1,3,10.13,10.41,57.9,2.4,1,13,14
42,2024-01-02,1,0,1,18,0,1,1,2,10.68,11.31,39.9,20.5,12,37,49
43,2024-01-02,1,0,1,19,0,1,1,1,6.99,8.0,56.2,5.8,6,39,45
44,2024-01-02,1,0,1,20,0,1,1,2,7.12,7.22,43.5,19.6,6,9,15
45,2024-01-02,1,0,1,21,0,1,1,1,5.11,7.75,71.0,6.8,3,2,5
46,2024-01-02,1,0,1,22,0,1,1,1,5.34,4.93,47.3,9.7,6,3,9
47,2024-01-02,1,0,1,23,0,1,1,1,4.82,4.67,56.1,7.9,2,1,3
48,2024-01-03,1,0,1,0,0,2,1,1,1.59,2.34,55.5,5.6,1,1,2
49,2024-01-03,1,0,1,1,0,2,1,2,-1.91,-1.35,51.6,28.5,1,0,1
50,2024-01-03,1,0,1,2,0,2,1,1,-0.2,0.62,65.0,14.2,2,1,3
51,2024-01-03,1,0,1,3,0,2,1,1,0.59,2.05,62.1,45.0,1,0,1
52,2024-01-03,1,0,1,4,0,2,1,3,1.22,1.08,54.1,3.1,2,2,4
53,2024-01-03,1,0,1,5,0,2,1,2,4.79,5.44,69.8,6.1,3,2,5
54,2024-01-03,1,0,1,6,0,2,1,1,4.58,5.08,54.2,5.9,11,8,19
55,2024-01-03,1,0,1,7,0,2,1,1,7.5,8.81,54.8,10.0,4,24,28
56,2024-01-03,1,0,1,8,0,2,1,1,9.25,9.64,49.9,3.4,8,27,35
57,2024-01-03,1,0,1,9,0,2,1,1,10.33,10.42,55.9,42.3,4,11,15
58,2024-01-03,1,0,1,10,0,2,1,1,9.6,11.21,63.1,14.4,7,8,15
59,2024-01-03,1,0,1,11,0,2,1,1,11.03,12.42,66.0,7.6,5,6,11
60,2024-01-03,1,0,1,12,0,2,1,1,12.39,12.71,39.9,8.4,7,6,13
61,2024-01-03,1,0,1,13,0,2,1,1,9.94,12.15,57.3,6.3,4,4,8
62,2024-01-03,1,0,1,14,0,2,1,3,10.82,13.32,47.3,2.6,3,5,8
63,2024-01-03,1,0,1,15,0,2,1,1,10.08,11.25,57.5,10.1,16,14,30
64,2024-01-03,1,0,1,16,0,2,1,2,11.17,12.59,48.6,7.5,6,27,33
65,2024-01-03,1,0,1,17,0,2,1,1,7.43,9.45,49.0,1.9,7,33,40
66,2024-01-03,1,0,1,18,0,2,1,1,6.09,6.97,65.0,1.2,9,34,43
67,2024-01-03,1,0,1,19,0,2,1,1,3.38,4.38,59.2,4.7,5,27,32
68,2024-01-03,1,0,1,20,0,2,1,1,5.21,5.33,68.0,0.3,8,9,17
69,2024-01-03,1,0,1,21,0,2,1,1,0.58,1.46,63.9,15.0,2,1,3
70,2024-01-03,1,0,1,22,0,2,1,2,-0.91,-0.5,61.3,7.5,1,0,1
71,2024-01-04,1,0,1,0,0,3,1,2,-2.89,-2.88,55.2,20.0,2,0,2
72,2024-01-04,1,0,1,1,0,3,1,1,-4.55,-3.63,58.4,11.2,2,1,3
73,2024-01-04,1,0,1,2,0,3,1,1,-6.26,-6.34,69.7,9.5,1,0,1
74,2024-01-04,1,0,1,3,0,3,1,2,-3.02,-2.8,65.1,1.5,1,0,1
75,2024-01-04,1,0,1,4,0,3,1,1,-0.83,1.5,68.6,1.2,2,0,2
76,2024-01-04,1,0,1,5,0,3,1,2,-2.28,-0.82,49.2,4.2,3,3,6
77,2024-01-04,1,0,1,6,0,3,1,1,1.14,4.19,58.5,18.2,6,5,11
78,2024-01-04,1,0,1,7,0,3,1,2,2.45,3.95,59.9,2.3,3,18,21
79,2024-01-04,1,0,1,8,0,3,1,1,4.54,5.49,44.0,11.4,6,31,37
80,2024-01-04,1,0,1,9,0,3,1,2,3.94,5.78,57.3,13.6,3,12,15
81,2024-01-04,1,0,1,10,0,3,1,2,5.63,6.28,54.1,9.9,3,2,5
82,2024-01-04,1,0,1,11,0,3,1,2,8.52,9.68,63.1,2.0,2,1,3
83,2024-01-04,1,0,1,12,0,3,1,4,8.27,8.86,66.3,33.7,1,0,1
84,2024-01-04,1,0,1,13,0,3,1,1,8.68,9.26,51.4,6.6,2,1,3
85,2024-01-04,1,0,1,14,0,3,1,1,6.47,8.71,48.1,16.4,5,5,10
86,2024-01-04,1,0,1,15,0,3,1,3,5.9,6.4,52.5,7.3,4,6,10
87,2024-01-04,1,0,1,16,0,3,1,1,6.15,6.66,53.2,10.3,3,17,20
88,2024-01-04,1,0,1,17,0,3,1,1,0.89,1.3,59.2,26.1,4,19,23
89,2024-01-04,1,0,1,18,0,3,1,1,2.42,5.44,54.3,5.6,3,23,26
90,2024-01-04,1,0,1,19,0,3,1,2,0.15,2.03,66.5,12.1,3,12,15
91,2024-01-04,1,0,1,20,0,3,1,1,-1.83,0.13,54.6,10.9,5,4,9
92,2024-01-04,1,0,1,21,0,3,1,3,-2.95,-0.69,61.0,10.3,1,1,2
93,2024-01-04,1,0,1,22,0,3,1,1,-4.69,-3.98,64.2,1.3,3,3,6
94,2024-01-04,1,0,1,23,0,3,1,4,-2.93,-1.98,57.3,27.3,1,0,1
95,2024-01-05,1,0,1,0,0,4,1,1,-2.73,-1.16,63.6,5.2,2,1,3
96,2024-01-05,1,0,1,1,0,4,1,1,-2.59,-2.81,56.0,8.0,1,0,1
97,2024-01-05,1,0,1,2,0,4,1,1,-2.2,-0.05,60.7,17.8,3,3,6
98,2024-01-05,1,0,1,3,0,4,1,1,0.84,1.02,59.1,11.0,1,0,1
99,2024-01-05,1,0,1,4,0,4,1,1,-0.42,1.04,55.2,16.6,1,0,1
100,2024-01-05,1,0,1,5,0,4,1,1,2.35,4.16,49.8,11.0,2,2,4
101,2024-01-05,1,0,1,7,0,4,1,1,5.71,8.15,61.7,5.2,4,22,26
102,2024-01-05,1,0,1,8,0,4,1,2,7.57,8.05,61.0,11.1,3,22,25
103,2024-01-05,1,0,1,9,0,4,1,1,8.97,11.63,49.1,25.3,4,18,22
104,2024-01-05,1,0,1,11,0,4,1,2,10.43,11.92,45.6,6.8,6,5,11
105,2024-01-05,1,0,1,12,0,4,1,1,10.29,11.99,59.0,1.7,5,4,9
106,2024-01-05,1,0,1,13,0,4,1,1,11.7,13.13,50.0,14.4,6,3,9
107,2024-01-05,1,0,1,14,0,4,1,1,9.78,9.76,62.1,5.5,7,6,13
108,2024-01-05,1,0,1,15,0,4,1,3,8.32,9.06,71.6,11.0,3,3,6
109,2024-01-05,1,0,1,16,0,4,1,1,7.34,7.51,54.1,11.6,7,39,46
110,2024-01-05,1,0,1,17,0,4,1,1,6.59,7.48,64.7,0.8,1,44,45
111,2024-01-05,1,0,1,18,0,4,1,2,4.83,5.31,65.7,7.3,4,28,32
112,2024-01-05,1,0,1,19,0,4,1,1,3.31,3.95,58.6,9.7,4,21,25
113,2024-01-05,1,0,1,20,0,4,1,1,0.57,1.81,67.7,6.8,4,5,9
114,2024-01-05,1,0,1,21,0,4,1,1,0.94,2.51,64.5,19.7,0,0,0
115,2024-01-05,1,0,1,22,0,4,1,1,-2.02,-2.17,74.0,4.0,1,1,2
116,2024-01-05,1,0,1,23,0,4,1,1,-2.14,-0.27,73.6,4.7,0,0,0
117,2024-01-06,1,0,1,0,0,5,0,2,-2.86,-3.32,80.3,13.9,1,1,2
118,2024-01-06,1,0,1,1,0,5,0,1,-4.06,-2.97,61.9,4.4,2,2,4
119,2024-01-06,1,0,1,2,0,5,0,1,-1.98,-0.36,56.4,1.7,3,1,4
120,2024-01-06,1,0,1,3,0,5,0,2,-2.31,-1.33,65.8,9.9,2,3,5
121,2024-01-06,1,0,1,4,0,5,0,1,-3.28,-0.88,52.0,4.6,3,2,5
122,2024-01-06,1,0,1,5,0,5,0,2,0.22,1.73,63.2,7.2,2,2,4
123,2024-01-06,1,0,1,6,0,5,0,1,1.78,2.78,62.2,4.3,4,3,7
124,2024-01-06,1,0,1,7,0,5,0,1,2.1,2.63,57.2,4.3,6,6,12
125,2024-01-06,1,0,1,8,0,5,0,1,5.07,6.13,61.3,3.7,4,4,8
126,2024-01-06,1,0,1,9,0,5,0,1,7.13,9.0,60.6,6.5,13,13,26
127,2024-01-06,1,0,1,10,0,5,0,1,6.87,7.45,58.8,12.0,10,12,22
128,2024-01-06,1,0,1,11,0,5,0,1,6.35,7.16,56.9,13.8,12,16,28
129,2024-01-06,1,0,1,12,0,5,0,1,7.44,8.64,55.5,6.1,20,25,45
130,2024-01-06,1,0,1,13,0,5,0,1,7.88,9.36,51.2,6.9,21,24,45
131,2024-01-06,1,0,1,14,0,5,0,1,6.8,7.62,57.5,36.5,12,13,25
132,2024-01-06,1,0,1,15,0,5,0,1,5.2,5.4,60.9,8.7,13,15,28
133,2024-01-06,1,0,1,16,0,5,0,2,3.45,4.88,47.7,3.5,9,10,19
134,2024-01-06,1,0,1,17,0,5,0,2,2.28,2.95,55.7,4.6,4,2,6
135,2024-01-06,1,0,1,18,0,5,0,1,2.5,3.9,76.8,3.2,4,3,7
136,2024-01-06,1,0,1,19,0,5,0,1,1.3,2.04,66.3,14.3,3,1,4
137,2024-01-06,1,0,1,20,0,5,0,2,-1.38,-0.39,65.5,9.1,1,1,2
138,2024-01-06,1,0,1,21,0,5,0,1,-1.44,-1.13,42.4,5.8,5,4,9
139,2024-01-06,1,0,1,22,0,5,0,1,-2.69,-0.56,71.3,10.2,2,2,4
140,2024-01-06,1,0,1,23,0,5,0,2,-4.83,-3.68,52.1,3.5,1,1,2
141,2024-01-07,1,0,1,0,0,6,0,1,-3.06,-1.36,66.7,20.0,2,1,3
142,2024-01-07,1,0,1,1,0,6,0,1,-1.87,0.29,75.5,14.1,2,1,3
143,2024-01-07,1,0,1,2,0,6,0,1,-3.4,-3.96,66.7,9.3,2,2,4
144,2024-01-07,1,0,1,3,0,6,0,2,-0.03,0.77,72.9,11.9,2,2,4
145,2024-01-07,1,0,1,4,0,6,0,1,0.76,1.69,66.0,12.6,3,3,6
146,2024-01-07,1,0,1,5,0,6,0,1,2.78,4.81,63.7,7.5,4,2,6
147,2024-01-07,1,0,1,6,0,6,0,1,4.74,6.9,53.0,3.0,1,1,2
148,2024-01-07,1,0,1,7,0,6,0,3,6.21,7.11,59.6,3.8,5,4,9
149,2024-01-07,1,0,1,8,0,6,0,1,5.05,7.06,52.6,38.2,4,6,10
150,2024-01-07,1,0,1,9,0,6,0,1,7.34,9.1,61.1,0.2,9,12,21
151,2024-01-07,1,0,1,10,0,6,0,2,9.65,9.56,55.7,12.6,12,18,30
152,2024-01-07,1,0,1,11,0,6,0,1,9.31,11.27,38.9,2.6,10,11,21
153,2024-01-07,1,0,1,12,0,6,0,1,9.24,10.86,39.3,9.5,21,23,44
154,2024-01-07,1,0,1,13,0,6,0,2,10.15,11.0,65.0,3.0,18,21,39
155,2024-01-07,1,0,1,14,0,6,0,2,10.15,11.78,56.7,3.1,14,13,27
156,2024-01-07,1,0,1,15,0,6,0,1,7.05,8.33,54.0,4.0,20,19,39
157,2024-01-07,1,0,1,16,0,6,0,1,6.25,7.23,57.1,3.0,15,19,34
158,2024-01-07,1,0,1,17,0,6,0,2,5.53,7.1,57.5,7.6,9,9,18
159,2024-01-07,1,0,1,18,0,6,0,1,2.28,5.21,59.3,10.8,3,3,6
160,2024-01-07,1,0,1,19,0,6,0,1,1.78,3.6,80.2,6.6,4,3,7
161,2024-01-07,1,0,1,20,0,6,0,2,3.0,3.17,52.5,8.8,2,2,4
162,2024-01-07,1,0,1,21,0,6,0,3,-1.51,-0.41,73.9,10.6,1,0,1
163,2024-01-07,1,0,1,22,0,6,0,2,-0.26,0.68,58.7,45.0,3,1,4
164,2024-01-07,1,0,1,23,0,6,0,3,-1.68,-0.39,72.0,18.6,1,0,1
165,2024-01-08,1,0,1,0,0,0,1,1,3.74,5.4,54.3,6.7,2,2,4
166,2024-01-08,1,0,1,1,0,0,1,1,5.63,5.77,56.8,21.2,3,3,6
167,2024-01-08,1,0,1,2,0,0,1,2,3.43,5.87,59.7,4.1,3,2,5
168,2024-01-08,1,0,1,3,0,0,1,2,4.6,3.8,53.3,16.5,1,1,2
169,2024-01-08,1,0,1,4,0,0,1,2,4.84,7.13,54.5,18.9,2,3,5
170,2024-01-08,1,0,1,5,0,0,1,2,6.84,8.0,58.2,6.8,3,3,6
171,2024-01-08,1,0,1,6,0,0,1,2,7.37,8.95,60.9,2.7,6,8,14
172,2024-01-08,1,0,1,7,0,0,1,4,8.45,7.63,56.1,17.6,1,1,2
173,2024-01-08,1,0,1,8,0,0,1,2,12.18,13.74,49.2,12.1,7,34,41
174,2024-01-08,1,0,1,9,0,0,1,1,12.55,14.19,55.4,26.7,6,20,26
175,2024-01-08,1,0,1,10,0,0,1,1,12.86,14.62,66.0,7.7,12,13,25
176,2024-01-08,1,0,1,11,0,0,1,1,13.63,14.82,59.6,12.0,6,5,11
177,2024-01-08,1,0,1,12,0,0,1,2,12.75,14.16,63.3,7.5,3,3,6
178,2024-01-08,1,0,1,13,0,0,1,2,15.25,16.37,62.7,12.9,2,2,4
179,2024-01-08,1,0,1,14,0,0,1,1,13.31,13.19,51.3,1.9,5,7,12
180,2024-01-08,1,0,1,15,0,0,1,1,12.82,13.22,54.9,20.3,14,17,31
181,2024-01-08,1,0,1,16,0,0,1,2,11.05,11.79,47.0,17.4,5,23,28
182,2024-01-08,1,0,1,17,0,0,1,1,8.34,8.07,57.1,12.1,9,41,50
183,2024-01-08,1,0,1,18,0,0,1,1,9.12,11.41,61.7,6.7,8,29,37
184,2024-01-08,1,0,1,19,0,0,1,2,7.24,8.3,53.9,4.8,5,26,31
185,2024-01-08,1,0,1,20,0,0,1,1,5.97,7.54,58.3,16.1,10,12,22
186,2024-01-08,1,0,1,21,0,0,1,1,3.33,4.42,57.7,7.1,3,2,5
187,2024-01-08,1,0,1,22,0,0,1,2,4.26,4.75,71.6,2.8,4,4,8
188,2024-01-08,1,0,1,23,0,0,1,1,5.05,6.68,49.1,22.0,2,1,3
189,2024-01-09,1,0,1,0,0,1,1,2,-2.18,-0.21,60.1,4.5,1,1,2
190,2024-01-09,1,0,1,1,0,1,1,3,0.06,0.41,63.4,5.6,1,0,1
191,2024-01-09,1,0,1,2,0,1,1,3,0.21,0.92,57.8,23.5,0,0,0
192,2024-01-09,1,0,1,3,0,1,1,1,1.55,2.74,66.3,1.8,3,1,4
193,2024-01-09,1,0,1,4,0,1,1,1,0.35,0.92,53.5,4.9,2,2,4
194,2024-01-09,1,0,1,5,0,1,1,2,2.63,3.47,77.1,10.4,1,1,2
195,2024-01-09,1,0,1,6,0,1,1,3,8.69,8.49,56.8,11.7,4,4,8
196,2024-01-09,1,0,1,7,0,1,1,2,7.54,8.74,63.8,2.0,5,17,22
197,2024-01-09,1,0,1,8,0,1,1,1,11.78,12.56,62.5,6.3,6,51,57
198,2024-01-09,1,0,1,9,0,1,1,1,9.51,10.41,62.3,9.6,7,25,32
199,2024-01-09,1,0,1,10,0,1,1,3,11.2,11.42,42.2,4.9,4,5,9
200,2024-01-09,1,0,1,11,0,1,1,2,12.18,13.59,47.6,11.4,5,4,9
201,2024-01-09,1,0,1,12,0,1,1,2,11.15,10.63,55.0,8.3,1,1,2
202,2024-01-09,1,0,1,13,0,1,1,1,10.11,10.5,60.9,4.9,5,4,9
203,2024-01-09,1,0,1,14,0,1,1,1,11.92,14.67,42.5,4.8,8,9,17
204,2024-01-09,1,0,1,15,0,1,1,1,10.04,12.14,44.7,8.8,10,13,23
205,2024-01-09,1,0,1,16,0,1,1,2,7.38,7.88,55.7,16.1,6,23,29
206,2024-01-09,1,0,1,17,0,1,1,2,6.74,7.12,61.8,5.6,7,36,43
207,2024-01-09,1,0,1,18,0,1,1,1,6.42,7.37,72.0,23.1,6,18,24
208,2024-01-09,1,0,1,19,0,1,1,2,4.19,5.25,49.0,17.2,3,19,22
209,2024-01-09,1,0,1,20,0,1,1,1,2.37,1.1,58.7,2.1,6,7,13
210,2024-01-09,1,0,1,21,0,1,1,1,0.8,2.18,56.6,30.6,2,3,5
211,2024-01-09,1,0,1,22,0,1,1,1,-1.32,0.92,54.7,9.6,1,0,1
212,2024-01-09,1,0,1,23,0,1,1,1,-2.37,-1.28,49.2,2.9,2,2,4
213,2024-01-10,1,0,1,0,0,2,1,2,-0.76,0.68,51.0,17.8,1,1,2
214,2024-01-10,1,0,1,1,0,2,1,1,-0.35,1.43,54.3,0.7,2,2,4
215,2024-01-10,1,0,1,2,0,2,1,1,0.22,1.42,58.1,22.1,0,0,0
216,2024-01-10,1,0,1,3,0,2,1,3,0.01,2.35,59.1,4.6,2,2,4
217,2024-01-10,1,0,1,4,0,2,1,2,0.7,1.21,56.6,6.4,2,1,3
218,2024-01-10,1,0,1,5,0,2,1,3,2.44,2.79,48.5,6.9,1,0,1
219,2024-01-10,1,0,1,6,0,2,1,2,4.21,6.88,44.6,9.6,3,2,5
220,2024-01-10,1,0,1,7,0,2,1,2,8.41,7.64,67.2,2.1,6,25,31
221,2024-01-10,1,0,1,8,0,2,1,2,6.29,7.66,72.4,2.3,2,28,30
222,2024-01-10,1,0,1,9,0,2,1,2,9.22,10.8,44.1,3.6,4,25,29
223,2024-01-10,1,0,1,10,0,2,1,1,8.91,10.39,61.7,5.7,6,10,16
224,2024-01-10,1,0,1,11,0,2,1,1,10.71,11.42,48.4,14.1,7,7,14
225,2024-01-10,1,0,1,12,0,2,1,3,9.38,10.41,56.1,7.2,3,2,5
226,2024-01-10,1,0,1,13,0,2,1,1,10.66,12.79,50.4,6.2,4,1,5
227,2024-01-10,1,0,1,14,0,2,1,1,10.42,11.99,63.9,6.2,7,7,14
228,2024-01-10,1,0,1,15,0,2,1,1,9.96,11.05,62.4,5.2,14,12,26
229,2024-01-10,1,0,1,16,0,2,1,1,9.04,7.99,48.7,3.3,5,51,56
230,2024-01-10,1,0,1,17,0,2,1,2,7.75,8.55,64.4,3.2,7,24,31
231,2024-01-10,1,0,1,18,0,2,1,2,6.96,6.59,51.0,9.9,4,25,29
232,2024-01-10,1,0,1,19,0,2,1,1,3.78,3.51,64.1,16.3,3,19,22
233,2024-01-10,1,0,1,20,0,2,1,2,3.51,5.31,64.4,7.9,8,8,16
234,2024-01-10,1,0,1,21,0,2,1,3,1.62,1.58,49.3,17.2,1,1,2
235,2024-01-10,1,0,1,22,0,2,1,1,0.85,2.53,57.1,7.9,3,5,8
236,2024-01-10,1,0,1,23,0,2,1,1,-0.54,0.27,62.5,10.0,1,1,2
237,2024-01-11,1,0,1,0,0,3,1,2,1.61,3.46,64.0,13.6,1,0,1
238,2024-01-11,1,0,1,1,0,3,1,1,1.84,2.96,44.7,11.3,2,2,4
239,2024-01-11,1,0,1,2,0,3,1,3,4.0,6.45,52.3,5.8,2,1,3
240,2024-01-11,1,0,1,3,0,3,1,1,5.66,6.27,54.2,5.4,2,1,3
241,2024-01-11,1,0,1,4,0,3,1,1,4.34,4.83,71.0,3.0,4,2,6
242,2024-01-11,1,0,1,5,0,3,1,1,5.87,6.65,69.9,20.3,3,1,4
243,2024-01-11,1,0,1,6,0,3,1,2,9.19,10.72,42.2,7.0,8,10,18
244,2024-01-11,1,0,1,7,0,3,1,2,9.69,10.48,51.6,17.9,8,34,42
245,2024-01-11,1,0,1,8,0,3,1,1,11.05,11.91,55.2,6.2,3,34,37
246,2024-01-11,1,0,1,9,0,3,1,3,13.98,13.95,57.1,5.5,4,19,23
247,2024-01-11,1,0,1,10,0,3,1,1,12.34,12.78,45.3,4.0,13,13,26
248,2024-01-11,1,0,1,11,0,3,1,2,14.16,15.56,55.3,8.8,5,7,12
249,2024-01-11,1,0,1,12,0,3,1,1,13.16,14.19,57.6,7.1,7,6,13
250,2024-01-11,1,0,1,13,0,3,1,1,14.91,15.6,50.7,8.5,9,7,16
251,2024-01-11,1,0,1,14,0,3,1,1,12.68,14.84,42.3,14.8,3,4,7
252,2024-01-11,1,0,1,15,0,3,1,1,12.73,14.19,60.1,6.4,13,12,25
253,2024-01-11,1,0,1,16,0,3,1,3,9.46,9.4,58.2,12.4,4,22,26
254,2024-01-11,1,0,1,17,0,3,1,3,6.97,7.79,49.0,9.5,1,26,27
255,2024-01-11,1,0,1,18,0,3,1,2,10.55,10.64,57.5,3.7,4,35,39
256,2024-01-11,1,0,1,19,0,3,1,1,7.63,7.63,55.9,4.5,8,26,34
257,2024-01-11,1,0,1,20,0,3,1,1,3.43,3.98,66.1,30.4,6,5,11
258,2024-01-11,1,0,1,21,0,3,1,1,4.48,3.37,57.3,10.6,3,3,6
259,2024-01-11,1,0,1,22,0,3,1,2,2.73,3.87,36.9,10.1,2,1,3
260,2024-01-11,1,0,1,23,0,3,1,1,3.29,5.29,59.1,10.9,3,3,6
261,2024-01-12,1,0,1,0,0,4,1,1,3.16,4.13,58.6,15.1,2,0,2
262,2024-01-12,1,0,1,1,0,4,1,1,3.56,5.64,49.2,4.6,1,1,2
263,2024-01-12,1,0,1,2,0,4,1,2,6.05,7.57,47.3,7.1,3,2,5
264,2024-01-12,1,0,1,3,0,4,1,2,5.57,7.7,59.9,3.9,2,3,5
265,2024-01-12,1,0,1,4,0,4,1,2,8.0,9.15,62.7,3.3,2,1,3
266,2024-01-12,1,0,1,5,0,4,1,1,7.71,7.59,55.5,15.6,5,6,11
267,2024-01-12,1,0,1,7,0,4,1,1,11.58,12.15,45.0,1.0,5,29,34
268,2024-01-12,1,0,1,8,0,4,1,4,12.4,13.94,50.1,6.4,1,4,5
269,2024-01-12,1,0,1,9,0,4,1,1,14.86,16.35,42.9,6.9,5,45,50
270,2024-01-12,1,0,1,10,0,4,1,2,13.33,14.83,62.6,11.1,9,13,22
271,2024-01-12,1,0,1,11,0,4,1,1,15.68,16.7,47.8,23.0,4,4,8
272,2024-01-12,1,0,1,12,0,4,1,2,13.19,14.69,59.2,5.1,4,5,9
273,2024-01-12,1,0,1,13,0,4,1,2,16.98,19.33,54.3,3.8,5,6,11
274,2024-01-12,1,0,1,14,0,4,1,1,13.53,14.84,50.2,25.6,3,3,6
275,2024-01-12,1,0,1,15,0,4,1,2,12.6,14.1,57.5,4.1,14,15,29
276,2024-01-12,1,0,1,16,0,4,1,1,13.26,13.84,50.5,7.1,8,32,40
277,2024-01-12,1,0,1,17,0,4,1,2,10.68,11.45,51.5,6.9,9,32,41
278,2024-01-12,1,0,1,18,0,4,1,1,8.46,9.07,52.1,4.3,10,32,42
279,2024-01-12,1,0,1,19,0,4,1,1,7.66,7.92,55.2,4.0,6,34,40
280,2024-01-12,1,0,1,20,0,4,1,1,9.94,11.22,46.0,7.7,11,9,20
281,2024-01-12,1,0,1,21,0,4,1,2,5.33,5.82,70.7,6.4,6,6,12
282,2024-01-12,1,0,1,22,0,4,1,1,5.76,6.54,65.0,5.4,4,3,7
283,2024-01-12,1,0,1,23,0,4,1,1,1.4,3.09,52.0,11.2,1,1,2
284,2024-01-13,1,0,1,0,0,5,0,1,1.17,2.35,69.0,5.4,3,2,5
285,2024-01-13,1,0,1,1,0,5,0,1,2.34,2.66,51.5,12.3,2,1,3
286,2024-01-13,1,0,1,2,0,5,0,1,2.18,2.65,61.0,7.2,4,3,7
287,2024-01-13,1,0,1,3,0,5,0,1,4.72,5.83,40.1,14.3,1,0,1
288,2024-01-13,1,0,1,4,0,5,0,1,3.0,5.38,55.9,10.3,2,1,3
289,2024-01-13,1,0,1,5,0,5,0,1,7.85,8.51,46.3,5.8,3,4,7
290,2024-01-13,1,0,1,6,0,5,0,1,8.62,10.65,49.1,14.1,9,9,18
291,2024-01-13,1,0,1,7,0,5,0,3,10.31,12.57,61.7,15.3,2,2,4
292,2024-01-13,1,0,1,8,0,5,0,1,12.69,14.52,43.7,2.5,10,11,21
293,2024-01-13,1,0,1,9,0,5,0,1,11.36,11.48,55.6,8.0,12,14,26
294,2024-01-13,1,0,1,10,0,5,0,2,14.69,16.34,58.1,9.5,9,12,21
295,2024-01-13,1,0,1,11,0,5,0,1,12.95,12.59,39.8,6.7,18,24,42
296,2024-01-13,1,0,1,12,0,5,0,1,13.5,12.99,53.7,25.0,20,19,39
297,2024-01-13,1,0,1,13,0,5,0,2,14.01,15.11,43.5,6.7,27,37,64
298,2024-01-13,1,0,1,14,0,5,0,1,15.99,17.64,48.7,15.2,28,35,63
299,2024-01-13,1,0,1,15,0,5,0,1,11.65,11.83,52.2,9.3,22,23,45
300,2024-01-13,1,0,1,16,0,5,0,1,9.41,10.87,53.8,11.6,16,13,29
301,2024-01-13,1,0,1,17,0,5,0,1,10.84,10.34,61.7,11.4,10,12,22
302,2024-01-13,1,0,1,18,0,5,0,2,7.21,7.7,55.1,4.0,5,6,11
303,2024-01-13,1,0,1,19,0,5,0,3,7.5,7.87,37.6,11.3,3,2,5
304,2024-01-13,1,0,1,20,0,5,0,1,5.69,6.74,70.4,12.0,4,3,7
305,2024-01-13,1,0,1,21,0,5,0,1,4.77,4.52,68.2,5.7,3,2,5
306,2024-01-13,1,0,1,22,0,5,0,1,1.86,2.63,60.1,16.8,5,5,10
307,2024-01-13,1,0,1,23,0,5,0,2,4.89,6.51,61.5,9.9,4,3,7
308,2024-01-14,1,0,1,0,0,6,0,2,-4.54,-3.62,66.1,3.9,2,3,5
309,2024-01-14,1,0,1,1,0,6,0,1,-3.27,-1.41,56.1,10.9,2,1,3
310,2024-01-14,1,0,1,2,0,6,0,1,-4.99,-4.23,53.3,11.1,1,0,1
311,2024-01-14,1,0,1,3,0,6,0,2,-2.44,-0.11,57.6,5.0,1,1,2
312,2024-01-14,1,0,1,4,0,6,0,1,-2.58,-1.51,57.4,6.2,1,1,2
313,2024-01-14,1,0,1,5,0,6,0,2,-3.08,-0.89,62.2,11.5,2,2,4
314,2024-01-14,1,0,1,6,0,6,0,1,0.22,0.75,65.1,13.1,2,2,4
315,2024-01-14,1,0,1,7,0,6,0,1,-1.39,-0.69,52.5,1.6,4,3,7
316,2024-01-14,1,0,1,8,0,6,0,1,3.74,4.66,54.4,3.6,5,6,11
317,2024-01-14,1,0,1,9,0,6,0,2,3.03,3.63,66.0,12.1,6,5,11
318,2024-01-14,1,0,1,10,0,6,0,1,7.34,7.38,62.7,15.5,9,15,24
319,2024-01-14,1,0,1,11,0,6,0,1,4.5,4.0,63.0,1.1,17,21,38
320,2024-01-14,1,0,1,12,0,6,0,1,8.08,8.32,49.7,4.3,19,26,45
321,2024-01-14,1,0,1,13,0,6,0,1,7.76,7.82,68.7,22.5,15,15,30
322,2024-01-14,1,0,1,14,0,6,0,1,6.61,6.77,62.1,20.7,10,13,23
323,2024-01-14,1,0,1,15,0,6,0,1,3.77,5.77,64.0,8.1,11,10,21
324,2024-01-14,1,0,1,16,0,6,0,1,5.84,5.82,58.0,16.7,15,14,29
325,2024-01-14,1,0,1,17,0,6,0,1,2.11,5.41,45.4,17.2,4,5,9
326,2024-01-14,1,0,1,18,0,6,0,3,-1.68,-0.2,63.4,13.2,1,0,1
327,2024-01-14,1,0,1,19,0,6,0,1,-2.06,-1.63,70.7,21.5,3,2,5
328,2024-01-14,1,0,1,20,0,6,0,1,-1.68,-0.85,54.0,15.4,2,1,3
329,2024-01-14,1,0,1,21,0,6,0,1,-2.29,-1.18,62.0,12.4,2,2,4
330,2024-01-14,1,0,1,22,0,6,0,2,-5.39,-4.42,65.4,8.9,2,1,3
331,2024-01-14,1,0,1,23,0,6,0,2,-3.88,-2.61,54.8,9.8,3,2,5
332,2024-01-15,1,0,1,0,0,0,1,1,5.04,5.75,60.3,8.0,1,0,1
333,2024-01-15,1,0,1,1,0,0,1,2,6.7,6.97,43.6,10.1,2,1,3
334,2024-01-15,1,0,1,2,0,0,1,1,5.21,7.48,61.5,21.0,3,1,4
335,2024-01-15,1,0,1,3,0,0,1,2,7.57,8.44,61.6,16.7,3,2,5
336,2024-01-15,1,0,1,4,0,0,1,1,8.08,9.01,57.9,7.2,4,3,7
337,2024-01-15,1,0,1,5,0,0,1,2,12.61,12.71,68.4,4.2,5,5,10
338,2024-01-15,1,0,1,6,0,0,1,2,11.38,14.12,62.7,9.8,7,9,16
339,2024-01-15,1,0,1,7,0,0,1,1,14.85,15.96,38.5,4.2,6,38,44
340,2024-01-15,1,0,1,8,0,0,1,3,17.05,19.86,46.5,11.9,6,37,43
341,2024-01-15,1,0,1,9,0,0,1,1,17.02,16.0,55.2,9.2,2,37,39
342,2024-01-15,1,0,1,10,0,0,1,1,16.46,17.02,49.0,15.0,11,12,23
343,2024-01-15,1,0,1,11,0,0,1,1,18.56,19.9,34.7,17.3,8,10,18
344,2024-01-15,1,0,1,12,0,0,1,2,19.87,21.29,47.3,33.3,3,3,6
345,2024-01-15,1,0,1,13,0,0,1,1,17.34,18.53,39.9,7.0,5,6,11
346,2024-01-15,1,0,1,14,0,0,1,1,14.46,13.55,48.6,7.1,4,4,8
347,2024-01-15,1,0,1,15,0,0,1,1,17.72,18.86,53.7,8.8,7,11,18
348,2024-01-15,1,0,1,16,0,0,1,4,15.97,16.58,57.0,1.6,1,5,6
349,2024-01-15,1,0,1,17,0,0,1,1,15.2,17.3,48.5,0.3,5,62,67
350,2024-01-15,1,0,1,18,0,0,1,2,13.06,13.32,39.4,6.4,10,49,59
351,2024-01-15,1,0,1,19,0,0,1,2,11.68,12.65,51.5,6.2,8,36,44
352,2024-01-15,1,0,1,20,0,0,1,2,7.61,8.87,54.9,12.0,8,7,15
353,2024-01-15,1,0,1,21,0,0,1,1,8.54,9.92,48.5,11.4,5,5,10
354,2024-01-15,1,0,1,22,0,0,1,1,9.02,9.55,45.2,7.1,3,5,8
355,2024-01-15,1,0,1,23,0,0,1,1,7.91,8.41,42.3,11.5,3,3,6
356,2024-01-16,1,0,1,0,0,1,1,1,5.33,6.3,61.9,9.2,2,2,4
357,2024-01-16,1,0,1,1,0,1,1,2,7.8,9.55,56.8,19.3,2,2,4
358,2024-01-16,1,0,1,2,0,1,1,2,7.36,7.51,72.6,20.2,1,0,1
359,2024-01-16,1,0,1,3,0,1,1,2,7.74,8.18,48.0,19.2,2,1,3
360,2024-01-16,1,0,1,4,0,1,1,4,13.3,13.12,62.1,18.1,1,0,1
361,2024-01-16,1,0,1,5,0,1,1,2,11.71,12.05,47.2,29.8,6,6,12
362,2024-01-16,1,0,1,6,0,1,1,1,13.99,14.34,55.9,23.8,7,9,16
363,2024-01-16,1,0,1,7,0,1,1,3,16.0,16.6,39.1,4.0,5,17,22
364,2024-01-16,1,0,1,8,0,1,1,1,14.72,14.8,51.0,4.5,9,39,48
365,2024-01-16,1,0,1,9,0,1,1,1,18.64,19.19,52.2,10.7,7,39,46
366,2024-01-16,1,0,1,10,0,1,1,1,17.48,18.5,57.4,5.0,15,23,38
367,2024-01-16,1,0,1,11,0,1,1,2,20.26,21.91,44.4,11.2,5,4,9
368,2024-01-16,1,0,1,12,0,1,1,2,19.29,21.74,45.6,17.1,6,7,13
369,2024-01-16,1,0,1,13,0,1,1,1,20.06,20.88,40.5,8.8,5,6,11
370,2024-01-16,1,0,1,14,0,1,1,1,17.5,18.26,49.7,6.7,10,6,16
371,2024-01-16,1,0,1,15,0,1,1,1,18.91,19.92,57.0,2.9,11,13,24
372,2024-01-16,1,0,1,16,0,1,1,2,14.67,17.07,62.4,6.1,10,32,42
373,2024-01-16,1,0,1,17,0,1,1,1,14.74,15.81,64.4,15.6,16,51,67
374,2024-01-16,1,0,1,18,0,1,1,1,11.84,12.52,56.7,13.5,6,32,38
375,2024-01-16,1,0,1,19,0,1,1,2,12.87,13.9,43.9,2.6,8,24,32
376,2024-01-16,1,0,1,20,0,1,1,2,10.41,11.04,49.2,17.6,9,9,18
377,2024-01-16,1,0,1,21,0,1,1,3,11.1,12.09,55.7,10.0,2,1,3
378,2024-01-16,1,0,1,22,0,1,1,1,6.63,7.22,51.8,16.9,2,1,3
379,2024-01-16,1,0,1,23,0,1,1,1,6.15,6.62,43.0,15.8,2,1,3
380,2024-01-17,1,0,1,0,0,2,1,1,-4.44,-4.18,58.7,6.1,1,1,2
381,2024-01-17,1,0,1,1,0,2,1,3,-2.75,-0.7,66.3,5.9,0,0,0
382,2024-01-17,1,0,1,2,0,2,1,1,-2.28,-1.79,54.2,4.0,2,0,2
383,2024-01-17,1,0,1,3,0,2,1,1,-1.37,-1.94,66.1,14.7,1,0,1
384,2024-01-17,1,0,1,4,0,2,1,1,-2.32,-1.63,60.4,6.0,2,1,3
385,2024-01-17,1,0,1,5,0,2,1,3,0.47,2.41,50.3,11.9,3,1,4
386,2024-01-17,1,0,1,6,0,2,1,1,1.5,1.38,69.7,10.4,5,4,9
387,2024-01-17,1,0,1,7,0,2,1,1,6.08,6.96,53.7,14.6,4,22,26
388,2024-01-17,1,0,1,8,0,2,1,1,5.14,5.65,45.8,5.3,6,25,31
389,2024-01-17,1,0,1,9,0,2,1,3,7.64,8.47,60.7,4.1,3,12,15
390,2024-01-17,1,0,1,10,0,2,1,3,7.51,8.32,60.3,20.2,3,3,6
391,2024-01-17,1,0,1,11,0,2,1,1,8.99,10.13,39.9,3.8,5,5,10
392,2024-01-17,1,0,1,12,0,2,1,1,9.85,11.4,58.8,4.2,6,4,10
393,2024-01-17,1,0,1,13,0,2,1,1,7.74,9.77,46.3,11.9,5,4,9
394,2024-01-17,1,0,1,14,0,2,1,1,9.17,9.36,61.3,3.3,5,4,9
395,2024-01-17,1,0,1,15,0,2,1,2,7.29,9.26,59.4,4.5,9,8,17
396,2024-01-17,1,0,1,16,0,2,1,3,6.07,7.87,52.0,1.6,2,12,14
397,2024-01-17,1,0,1,17,0,2,1,1,4.5,5.38,54.7,10.9,8,30,38
398,2024-01-17,1,0,1,18,0,2,1,3,3.46,4.96,42.9,11.3,2,15,17
399,2024-01-17,1,0,1,19,0,2,1,1,0.84,1.27,79.4,19.3,2,11,13
400,2024-01-17,1,0,1,20,0,2,1,1,-0.02,-0.04,63.0,17.8,3,4,7
401,2024-01-17,1,0,1,21,0,2,1,3,-2.32,0.22,64.9,1.5,3,1,4
402,2024-01-17,1,0,1,22,0,2,1,1,-2.75,-0.43,64.5,3.9,2,2,4
403,2024-01-17,1,0,1,23,0,2,1,1,-3.82,-3.31,74.9,8.5,1,0,1
404,2024-01-18,1,0,1,0,0,3,1,1,-1.26,-1.53,60.3,5.3,1,1,2
405,2024-01-18,1,0,1,1,0,3,1,1,-0.75,1.53,66.9,15.2,2,0,2
406,2024-01-18,1,0,1,2,0,3,1,1,1.21,2.19,66.7,32.2,2,1,3
407,2024-01-18,1,0,1,3,0,3,1,1,-0.84,0.35,56.2,9.2,3,3,6
408,2024-01-18,1,0,1,4,0,3,1,1,1.17,1.67,60.8,10.4,2,1,3
409,2024-01-18,1,0,1,5,0,3,1,2,3.95,4.65,41.6,6.1,2,1,3
410,2024-01-18,1,0,1,6,0,3,1,2,6.94,7.76,62.7,8.9,7,7,14
411,2024-01-18,1,0,1,7,0,3,1,1,7.18,9.17,47.4,12.8,5,20,25
412,2024-01-18,1,0,1,8,0,3,1,1,9.98,11.69,53.5,10.0,5,42,47
413,2024-01-18,1,0,1,9,0,3,1,1,8.67,10.92,42.6,23.9,4,19,23
414,2024-01-18,1,0,1,10,0,3,1,3,10.01,10.18,49.1,7.5,3,4,7
415,2024-01-18,1,0,1,11,0,3,1,3,12.68,13.6,49.3,8.0,4,5,9
416,2024-01-18,1,0,1,12,0,3,1,3,11.29,13.19,53.9,4.4,2,1,3
417,2024-01-18,1,0,1,13,0,3,1,1,11.73,12.52,38.3,5.8,5,5,10
418,2024-01-18,1,0,1,14,0,3,1,1,10.44,12.22,46.0,16.4,4,3,7
419,2024-01-18,1,0,1,15,0,3,1,3,11.93,12.8,60.3,1.5,6,12,18
420,2024-01-18,1,0,1,16,0,3,1,1,9.17,10.32,54.6,12.5,12,37,49
421,2024-01-18,1,0,1,17,0,3,1,1,7.64,8.1,42.8,4.2,7,42,49
422,2024-01-18,1,0,1,18,0,3,1,3,4.67,5.46,55.9,11.4,5,21,26
423,2024-01-18,1,0,1,19,0,3,1,1,3.84,4.57,44.6,15.6,4,21,25
424,2024-01-18,1,0,1,20,0,3,1,4,3.78,3.68,61.9,27.2,1,1,2
425,2024-01-18,1,0,1,21,0,3,1,1,0.64,0.74,52.8,1.1,5,2,7
426,2024-01-18,1,0,1,22,0,3,1,2,0.88,1.93,63.2,17.2,1,0,1
427,2024-01-18,1,0,1,23,0,3,1,3,-3.15,-2.87,58.8,12.4,1,0,1
428,2024-01-19,1,0,1,0,0,4,1,1,0.55,1.77,67.2,3.8,2,0,2
429,2024-01-19,1,0,1,1,0,4,1,1,-1.71,-1.19,53.3,7.9,3,2,5
430,2024-01-19,1,0,1,2,0,4,1,2,-1.53,-0.39,73.0,12.9,0,0,0
431,2024-01-19,1,0,1,4,0,4,1,1,0.7,0.61,51.8,13.7,3,1,4
432,2024-01-19,1,0,1,5,0,4,1,2,1.59,3.81,59.3,9.0,2,1,3
433,2024-01-19,1,0,1,6,0,4,1,2,2.15,2.41,67.1,14.3,6,5,11
434,2024-01-19,1,0,1,7,0,4,1,1,3.64,5.33,43.4,9.5,2,10,12
435,2024-01-19,1,0,1,8,0,4,1,1,4.85,5.79,57.2,2.3,6,23,29
436,2024-01-19,1,0,1,9,0,4,1,2,8.83,10.35,59.4,6.0,4,22,26
437,2024-01-19,1,0,1,10,0,4,1,1,11.47,10.48,53.9,6.4,8,9,17
438,2024-01-19,1,0,1,11,0,4,1,1,9.08,9.68,58.1,8.9,3,3,6
439,2024-01-19,1,0,1,12,0,4,1,2,9.48,10.16,48.8,2.1,4,4,8
440,2024-01-19,1,0,1,13,0,4,1,2,9.81,11.42,58.2,20.2,3,3,6
441,2024-01-19,1,0,1,14,0,4,1,1,8.6,9.56,46.4,2.2,10,13,23
442,2024-01-19,1,0,1,15,0,4,1,1,5.82,6.56,65.5,19.5,6,6,12
443,2024-01-19,1,0,1,16,0,4,1,1,7.34,9.14,57.7,7.5,4,31,35
444,2024-01-19,1,0,1,17,0,4,1,1,5.2,4.99,59.4,1.7,8,40,48
445,2024-01-19,1,0,1,18,0,4,1,1,5.63,7.1,40.4,9.7,6,28,34
446,2024-01-19,1,0,1,19,0,4,1,1,2.81,3.31,59.1,5.1,3,18,21
447,2024-01-19,1,0,1,20,0,4,1,1,2.89,5.13,62.4,3.2,4,5,9
448,2024-01-19,1,0,1,21,0,4,1,2,-1.41,-0.03,75.8,19.2,3,1,4
449,2024-01-19,1,0,1,22,0,4,1,1,0.28,0.32,62.1,4.0,2,1,3
450,2024-01-19,1,0,1,23,0,4,1,1,-0.53,0.47,63.5,3.6,2,2,4
451,2024-01-20,1,0,1,0,0,5,0,3,-1.37,-1.21,67.8,1.0,1,1,2
452,2024-01-20,1,0,1,1,0,5,0,1,0.39,1.92,59.2,2.8,1,0,1
453,2024-01-20,1,0,1,2,0,5,0,2,0.46,0.73,56.4,10.8,1,0,1
454,2024-01-20,1,0,1,3,0,5,0,1,2.91,4.31,74.9,18.5,2,1,3
455,2024-01-20,1,0,1,4,0,5,0,2,3.47,3.76,63.9,4.9,4,5,9
456,2024-01-20,1,0,1,5,0,5,0,2,5.01,5.93,56.5,11.3,2,1,3
457,2024-01-20,1,0,1,6,0,5,0,1,4.66,5.95,52.9,13.3,2,2,4
458,2024-01-20,1,0,1,7,0,5,0,1,6.41,7.58,56.8,8.4,3,4,7
459,2024-01-20,1,0,1,8,0,5,0,1,8.52,9.13,51.3,18.3,8,7,15
460,2024-01-20,1,0,1,9,0,5,0,2,9.9,11.48,55.2,19.0,10,12,22
461,2024-01-20,1,0,1,10,0,5,0,4,12.7,12.6,50.8,5.0,5,5,10
462,2024-01-20,1,0,1,11,0,5,0,3,12.25,13.8,45.9,8.8,12,9,21
463,2024-01-20,1,0,1,12,0,5,0,1,11.93,12.69,62.0,0.2,28,27,55
464,2024-01-20,1,0,1,13,0,5,0,2,12.59,13.87,62.5,4.7,21,21,42
465,2024-01-20,1,0,1,14,0,5,0,2,11.53,13.2,47.7,0.1,19,26,45
466,2024-01-20,1,0,1,15,0,5,0,1,10.26,11.08,65.0,13.2,13,21,34
467,2024-01-20,1,0,1,16,0,5,0,1,8.57,10.07,55.2,13.0,10,11,21
468,2024-01-20,1,0,1,17,0,5,0,3,6.46,8.64,53.9,5.2,7,6,13
469,2024-01-20,1,0,1,18,0,5,0,3,4.84,5.87,62.3,1.6,5,3,8
470,2024-01-20,1,0,1,19,0,5,0,1,3.37,5.08,67.0,4.7,3,3,6
471,2024-01-20,1,0,1,20,0,5,0,2,4.01,5.43,56.1,7.1,3,3,6
472,2024-01-20,1,0,1,21,0,5,0,2,2.33,3.26,71.1,11.9,2,1,3
473,2024-01-20,1,0,1,22,0,5,0,3,0.82,0.88,74.5,16.4,0,0,0
474,2024-01-20,1,0,1,23,0,5,0,1,0.2,2.01,64.0,8.5,2,1,3
475,2024-01-21,1,0,1,0,0,6,0,3,-3.63,-3.46,66.0,10.4,1,0,1
476,2024-01-21,1,0,1,1,0,6,0,1,-5.0,-3.44,67.2,12.0,2,1,3
477,2024-01-21,1,0,1,2,0,6,0,1,-2.65,-0.76,59.5,6.9,2,1,3
478,2024-01-21,1,0,1,3,0,6,0,3,-2.61,-1.03,51.4,13.4,0,0,0
479,2024-01-21,1,0,1,4,0,6,0,1,0.66,1.5,51.4,12.0,5,4,9
480,2024-01-21,1,0,1,5,0,6,0,1,2.33,3.3,55.9,18.4,3,2,5
481,2024-01-21,1,0,1,6,0,6,0,1,1.81,1.29,55.8,8.0,3,3,6
482,2024-01-21,1,0,1,7,0,6,0,1,3.1,4.62,69.6,5.9,4,4,8
483,2024-01-21,1,0,1,8,0,6,0,2,3.84,5.38,56.1,1.5,6,7,13
484,2024-01-21,1,0,1,9,0,6,0,1,6.74,8.93,49.5,5.7,12,14,26
485,2024-01-21,1,0,1,10,0,6,0,1,6.57,7.72,60.8,7.4,13,19,32
486,2024-01-21,1,0,1,11,0,6,0,1,8.29,8.26,73.7,6.9,16,16,32
487,2024-01-21,1,0,1,12,0,6,0,1,8.93,9.71,56.8,3.2,21,21,42
488,2024-01-21,1,0,1,13,0,6,0,1,7.59,8.71,55.8,19.4,12,16,28
489,2024-01-21,1,0,1,14,0,6,0,1,5.61,6.36,54.7,12.7,11,14,25
490,2024-01-21,1,0,1,15,0,6,0,1,8.12,9.61,56.5,11.1,18,22,40
491,2024-01-21,1,0,1,16,0,6,0,1,4.93,6.53,55.7,4.6,10,11,21
492,2024-01-21,1,0,1,17,0,6,0,2,3.98,4.45,55.6,3.5,10,9,19
493,2024-01-21,1,0,1,18,0,6,0,1,0.69,2.0,56.0,3.8,7,9,16
494,2024-01-21,1,0,1,19,0,6,0,2,2.88,4.12,63.0,21.2,2,2,4
495,2024-01-21,1,0,1,20,0,6,0,1,-0.86,1.85,67.7,16.3,3,3,6
496,2024-01-21,1,0,1,21,0,6,0,1,-0.63,-0.75,65.1,7.1,3,2,5
497,2024-01-21,1,0,1,22,0,6,0,1,-1.26,0.37,68.5,10.6,2,1,3
498,2024-01-21,1,0,1,23,0,6,0,1,-3.51,-2.26,56.9,6.9,3,3,6
499,2024-01-22,1,0,1,0,0,0,1,1,-7.35,-5.43,80.8,10.4,2,2,4
500,2024-01-22,1,0,1,1,0,0,1,1,-3.66,-4.34,67.7,7.6,0,0,0
501,2024-01-22,1,0,1,2,0,0,1,1,-5.56,-3.13,50.3,8.7,1,1,2
502,2024-01-22,1,0,1,3,0,0,1,4,-6.51,-4.67,67.8,4.4,1,1,2
503,2024-01-22,1,0,1,4,0,0,1,1,-4.4,-3.38,68.9,9.2,2,1,3
504,2024-01-22,1,0,1,5,0,0,1,1,-2.54,-3.52,48.1,1.2,3,3,6
505,2024-01-22,1,0,1,6,0,0,1,1,0.14,1.57,65.6,35.3,3,3,6
506,2024-01-22,1,0,1,7,0,0,1,2,0.19,1.18,45.5,4.7,5,14,19
507,2024-01-22,1,0,1,8,0,0,1,1,1.87,3.47,59.9,7.5,3,14,17
508,2024-01-22,1,0,1,9,0,0,1,1,4.4,5.24,57.6,4.6,5,22,27
509,2024-01-22,1,0,1,10,0,0,1,1,6.37,7.89,68.5,8.9,5,3,8
510,2024-01-22,1,0,1,11,0,0,1,1,5.33,6.4,53.4,11.9,5,4,9
511,2024-01-22,1,0,1,12,0,0,1,2,3.73,4.07,60.3,9.2,1,1,2
512,2024-01-22,1,0,1,13,0,0,1,1,5.66,6.86,57.2,11.2,3,2,5
513,2024-01-22,1,0,1,14,0,0,1,2,4.41,4.29,56.3,12.2,3,3,6
514,2024-01-22,1,0,1,15,0,0,1,3,4.24,5.2,50.8,12.7,5,5,10
515,2024-01-22,1,0,1,16,0,0,1,4,1.43,1.91,54.5,12.3,0,0,0
516,2024-01-22,1,0,1,17,0,0,1,1,2.09,3.24,68.3,14.6,6,20,26
517,2024-01-22,1,0,1,18,0,0,1,1,-0.78,-1.19,61.4,4.0,1,21,22
518,2024-01-22,1,0,1,19,0,0,1,1,-1.51,-1.21,72.1,3.4,3,11,14
519,2024-01-22,1,0,1,20,0,0,1,1,-6.21,-4.33,76.2,0.9,6,6,12
520,2024-01-22,1,0,1,21,0,0,1,3,-5.03,-3.58,58.3,1.2,1,1,2
521,2024-01-22,1,0,1,22,0,0,1,1,-5.61,-4.74,71.4,36.0,1,1,2
522,2024-01-22,1,0,1,23,0,0,1,1,-7.82,-6.96,67.9,10.9,1,1,2
523,2024-01-23,1,0,1,0,0,1,1,2,-2.7,-2.16,64.3,6.0,2,1,3
524,2024-01-23,1,0,1,1,0,1,1,2,-0.59,1.75,63.5,3.9,2,1,3
525,2024-01-23,1,0,1,2,0,1,1,3,0.52,1.5,71.3,6.5,2,1,3
526,2024-01-23,1,0,1,3,0,1,1,1,1.37,3.02,54.8,4.7,2,0,2
527,2024-01-23,1,0,1,4,0,1,1,2,5.52,7.52,50.5,10.2,1,1,2
528,2024-01-23,1,0,1,5,0,1,1,1,3.81,5.4,60.6,16.3,4,2,6
529,2024-01-23,1,0,1,6,0,1,1,2,4.58,4.96,57.9,4.8,6,6,12
530,2024-01-23,1,0,1,7,0,1,1,2,6.18,8.28,51.4,15.7,2,17,19
531,2024-01-23,1,0,1,8,0,1,1,1,8.89,9.95,60.7,13.7,6,31,37
532,2024-01-23,1,0,1,9,0,1,1,1,10.03,11.89,53.0,4.0,7,32,39
533,2024-01-23,1,0,1,10,0,1,1,2,12.77,13.12,53.8,4.8,9,9,18
534,2024-01-23,1,0,1,11,0,1,1,1,11.66,13.09,54.8,2.7,3,4,7
535,2024-01-23,1,0,1,12,0,1,1,1,12.34,13.5,52.5,5.4,2,2,4
536,2024-01-23,1,0,1,13,0,1,1,1,13.36,14.21,43.9,3.5,4,4,8
537,2024-01-23,1,0,1,14,0,1,1,1,10.92,11.33,50.8,10.7,5,5,10
538,2024-01-23,1,0,1,15,0,1,1,1,10.65,11.63,52.3,5.6,10,11,21
539,2024-01-23,1,0,1,16,0,1,1,1,9.52,11.54,55.9,4.0,8,26,34
540,2024-01-23,1,0,1,17,0,1,1,1,6.82,7.85,54.0,6.4,12,36,48
541,2024-01-23,1,0,1,18,0,1,1,1,5.11,6.97,51.2,7.6,4,45,49
542,2024-01-23,1,0,1,19,0,1,1,1,4.35,6.83,61.0,8.5,4,26,30
543,2024-01-23,1,0,1,20,0,1,1,3,1.8,3.35,57.7,8.5,3,3,6
544,2024-01-23,1,0,1,21,0,1,1,3,0.25,-0.49,54.3,9.4,1,1,2
545,2024-01-23,1,0,1,22,0,1,1,3,-0.88,0.49,58.5,4.9,0,0,0
546,2024-01-23,1,0,1,23,0,1,1,3,-1.97,-0.73,51.7,6.0,1,0,1
547,2024-01-24,1,0,1,0,0,2,1,1,3.2,5.1,53.9,5.4,3,3,6
548,2024-01-24,1,0,1,1,0,2,1,2,3.18,1.72,64.3,7.3,0,0,0
549,2024-01-24,1,0,1,2,0,2,1,2,3.33,2.91,52.5,5.0,1,0,1
550,2024-01-24,1,0,1,3,0,2,1,1,4.47,5.43,66.8,10.7,2,1,3
551,2024-01-24,1,0,1,4,0,2,1,1,4.83,7.25,59.7,2.2,3,2,5
552,2024-01-24,1,0,1,5,0,2,1,1,7.65,8.62,60.7,17.5,4,3,7
553,2024-01-24,1,0,1,6,0,2,1,1,9.25,11.56,53.0,8.2,9,9,18
554,2024-01-24,1,0,1,7,0,2,1,1,11.05,10.14,59.3,9.2,6,33,39
555,2024-01-24,1,0,1,8,0,2,1,1,12.0,14.66,56.2,2.5,6,41,47
556,2024-01-24,1,0,1,9,0,2,1,1,14.33,15.47,40.3,5.6,4,32,36
557,2024-01-24,1,0,1,10,0,2,1,3,14.37,15.26,52.5,14.0,4,5,9
558,2024-01-24,1,0,1,11,0,2,1,2,16.0,16.01,38.4,4.4,5,5,10
559,2024-01-24,1,0,1,12,0,2,1,2,16.79,17.8,48.5,7.6,5,5,10
560,2024-01-24,1,0,1,13,0,2,1,1,13.29,13.22,69.1,5.5,4,4,8
561,2024-01-24,1,0,1,14,0,2,1,1,14.57,14.41,51.9,17.1,7,7,14
562,2024-01-24,1,0,1,15,0,2,1,2,14.59,15.62,56.8,17.5,7,9,16
563,2024-01-24,1,0,1,16,0,2,1,1,11.27,10.71,47.9,9.6,3,39,42
564,2024-01-24,1,0,1,17,0,2,1,1,11.47,13.41,47.3,4.8,18,43,61
565,2024-01-24,1,0,1,18,0,2,1,1,8.79,9.58,48.7,11.1,7,47,54
566,2024-01-24,1,0,1,19,0,2,1,1,7.57,8.66,59.1,7.2,7,33,40
567,2024-01-24,1,0,1,20,0,2,1,3,6.95,8.13,45.7,6.1,5,5,10
568,2024-01-24,1,0,1,21,0,2,1,1,3.79,4.72,59.1,29.0,4,4,8
569,2024-01-24,1,0,1,22,0,2,1,2,4.44,5.68,51.1,13.8,4,2,6
570,2024-01-24,1,0,1,23,0,2,1,2,3.18,5.46,62.6,25.8,0,0,0
571,2024-01-25,1,0,1,0,0,3,1,2,0.96,1.26,53.0,16.7,1,0,1
572,2024-01-25,1,0,1,1,0,3,1,2,-0.18,-0.36,56.2,2.1,1,2,3
573,2024-01-25,1,0,1,2,0,3,1,1,0.47,0.95,82.3,2.4,2,2,4
574,2024-01-25,1,0,1,3,0,3,1,1,1.43,1.54,54.5,4.4,2,1,3
575,2024-01-25,1,0,1,4,0,3,1,3,2.64,4.59,74.4,10.3,1,0,1
576,2024-01-25,1,0,1,5,0,3,1,1,4.81,5.56,55.8,8.2,5,5,10
577,2024-01-25,1,0,1,6,0,3,1,1,6.08,7.4,52.9,11.6,3,3,6
578,2024-01-25,1,0,1,7,0,3,1,1,6.64,9.02,49.9,5.0,6,27,33
579,2024-01-25,1,0,1,8,0,3,1,1,7.15,6.38,53.9,9.2,5,27,32
580,2024-01-25,1,0,1,9,0,3,1,1,9.16,9.94,59.1,21.2,3,16,19
581,2024-01-25,1,0,1,10,0,3,1,1,9.04,8.63,57.5,6.1,6,7,13
582,2024-01-25,1,0,1,11,0,3,1,3,13.07,12.99,50.6,3.3,3,2,5
583,2024-01-25,1,0,1,12,0,3,1,3,12.23,12.44,41.4,9.0,2,2,4
584,2024-01-25,1,0,1,13,0,3,1,1,10.71,11.22,47.3,12.8,3,4,7
585,2024-01-25,1,0,1,14,0,3,1,1,10.87,13.14,46.6,42.9,4,3,7
586,2024-01-25,1,0,1,15,0,3,1,1,10.3,11.86,69.1,0.6,12,13,25
587,2024-01-25,1,0,1,16,0,3,1,1,8.87,9.2,35.2,13.6,6,30,36
588,2024-01-25,1,0,1,17,0,3,1,1,7.48,7.59,65.1,5.0,12,36,48
589,2024-01-25,1,0,1,18,0,3,1,2,5.32,6.23,48.0,14.8,7,25,32
590,2024-01-25,1,0,1,19,0,3,1,2,3.34,4.63,48.4,1.9,6,16,22
591,2024-01-25,1,0,1,20,0,3,1,2,1.5,2.05,61.0,5.7,6,3,9
592,2024-01-25,1,0,1,21,0,3,1,1,0.74,1.5,54.5,19.2,1,1,2
593,2024-01-25,1,0,1,22,0,3,1,2,0.22,1.39,53.9,3.7,1,0,1
594,2024-01-25,1,0,1,23,0,3,1,1,1.29,2.68,73.4,14.5,3,2,5
595,2024-01-26,1,0,1,0,0,4,1,1,-4.75,-3.87,49.3,13.8,2,2,4
596,2024-01-26,1,0,1,1,0,4,1,1,-3.92,-2.05,61.8,1.0,3,2,5
597,2024-01-26,1,0,1,2,0,4,1,3,-3.51,-2.44,48.9,3.3,0,0,0
598,2024-01-26,1,0,1,3,0,4,1,1,-3.73,-1.73,63.5,13.2,2,2,4
599,2024-01-26,1,0,1,4,0,4,1,2,-0.87,-0.59,56.0,15.1,0,0,0
600,2024-01-26,1,0,1,5,0,4,1,1,-2.5,-0.16,65.0,19.0,2,0,2
601,2024-01-26,1,0,1,6,0,4,1,2,1.48,2.15,69.0,8.3,3,2,5
602,2024-01-26,1,0,1,7,0,4,1,2,2.75,3.95,59.3,25.3,3,10,13
603,2024-01-26,1,0,1,8,0,4,1,1,8.72,10.43,59.6,14.6,6,31,37
604,2024-01-26,1,0,1,9,0,4,1,3,5.62,5.68,57.8,10.4,3,11,14
605,2024-01-26,1,0,1,10,0,4,1,1,7.14,7.31,49.1,25.7,3,4,7
606,2024-01-26,1,0,1,11,0,4,1,1,8.53,10.28,45.1,10.5,5,4,9
607,2024-01-26,1,0,1,12,0,4,1,1,5.54,6.1,65.5,7.2,5,4,9
608,2024-01-26,1,0,1,13,0,4,1,1,7.27,7.83,56.9,8.1,3,2,5
609,2024-01-26,1,0,1,14,0,4,1,2,6.17,7.29,61.0,14.0,4,4,8
610,2024-01-26,1,0,1,15,0,4,1,1,7.29,8.0,62.5,10.7,7,11,18
611,2024-01-26,1,0,1,16,0,4,1,2,4.89,6.46,54.1,35.2,3,17,20
612,2024-01-26,1,0,1,17,0,4,1,2,2.78,4.24,46.3,9.6,4,20,24
613,2024-01-26,1,0,1,18,0,4,1,2,0.22,2.29,72.3,10.6,2,12,14
614,2024-01-26,1,0,1,19,0,4,1,1,0.23,1.82,60.6,7.3,4,14,18
615,2024-01-26,1,0,1,20,0,4,1,1,-0.89,-0.47,55.8,9.9,4,8,12
616,2024-01-26,1,0,1,21,0,4,1,2,-3.45,-2.02,56.3,17.0,2,0,2
617,2024-01-26,1,0,1,22,0,4,1,1,-4.38,-2.68,66.3,2.6,3,2,5
618,2024-01-26,1,0,1,23,0,4,1,1,-1.79,-1.59,67.8,2.8,3,1,4
619,2024-01-27,1,0,1,0,0,5,0,1,0.77,2.24,57.8,8.8,2,1,3
620,2024-01-27,1,0,1,1,0,5,0,1,-0.77,-0.47,66.3,11.6,1,0,1
621,2024-01-27,1,0,1,2,0,5,0,1,-0.35,0.73,47.7,9.3,3,4,7
622,2024-01-27,1,0,1,3,0,5,0,1,1.25,1.19,61.9,6.7,3,3,6
623,2024-01-27,1,0,1,4,0,5,0,1,2.78,4.67,61.4,3.3,3,3,6
624,2024-01-27,1,0,1,5,0,5,0,1,4.04,4.75,53.2,3.1,5,4,9
625,2024-01-27,1,0,1,6,0,5,0,1,5.16,6.95,57.9,5.6,6,5,11
626,2024-01-27,1,0,1,7,0,5,0,1,8.5,8.99,57.2,6.2,9,9,18
627,2024-01-27,1,0,1,8,0,5,0,2,9.01,9.41,57.5,7.0,6,5,11
628,2024-01-27,1,0,1,9,0,5,0,1,9.47,10.87,58.6,13.2,7,12,19
629,2024-01-27,1,0,1,10,0,5,0,1,11.51,12.2,35.5,20.9,17,14,31
630,2024-01-27,1,0,1,11,0,5,0,1,13.45,15.06,50.7,10.5,22,26,48
631,2024-01-27,1,0,1,12,0,5,0,1,13.11,14.89,56.1,6.2,23,31,54
632,2024-01-27,1,0,1,13,0,5,0,2,12.84,13.69,42.6,8.7,25,27,52
633,2024-01-27,1,0,1,14,0,5,0,1,10.41,10.57,59.3,21.6,19,21,40
634,2024-01-27,1,0,1,15,0,5,0,1,9.08,9.17,51.8,5.1,20,29,49
635,2024-01-27,1,0,1,16,0,5,0,1,10.3,9.75,61.6,4.1,16,23,39
636,2024-01-27,1,0,1,17,0,5,0,2,6.02,7.5,65.2,13.9,6,8,14
637,2024-01-27,1,0,1,18,0,5,0,1,5.94,6.63,66.9,5.5,8,6,14
638,2024-01-27,1,0,1,19,0,5,0,1,5.98,5.89,52.9,6.6,4,5,9
639,2024-01-27,1,0,1,20,0,5,0,2,2.9,3.16,57.4,7.4,4,3,7
640,2024-01-27,1,0,1,21,0,5,0,1,-0.78,0.03,77.6,1.8,4,2,6
641,2024-01-27,1,0,1,22,0,5,0,3,0.58,1.28,56.0,10.5,1,0,1
642,2024-01-27,1,0,1,23,0,5,0,1,2.67,2.56,58.6,11.4,3,3,6
643,2024-01-28,1,0,1,0,0,6,0,1,3.77,3.64,64.5,14.2,4,2,6
644,2024-01-28,1,0,1,1,0,6,0,1,4.32,4.62,59.8,2.5,4,4,8
645,2024-01-28,1,0,1,2,0,6,0,2,5.14,6.06,42.5,10.7,2,2,4
646,2024-01-28,1,0,1,3,0,6,0,1,6.22,7.4,43.1,12.6,4,3,7
647,2024-01-28,1,0,1,4,0,6,0,1,6.05,8.51,60.5,5.5,3,2,5
648,2024-01-28,1,0,1,5,0,6,0,1,7.54,8.56,61.4,15.6,3,3,6
649,2024-01-28,1,0,1,6,0,6,0,1,9.35,9.33,53.0,12.8,3,3,6
650,2024-01-28,1,0,1,7,0,6,0,1,10.78,12.2,48.2,8.6,8,8,16
651,2024-01-28,1,0,1,8,0,6,0,3,14.05,14.32,49.6,10.4,5,5,10
652,2024-01-28,1,0,1,9,0,6,0,1,13.65,15.21,71.8,6.9,10,9,19
653,2024-01-28,1,0,1,10,0,6,0,2,16.15,17.68,42.1,11.0,15,20,35
654,2024-01-28,1,0,1,11,0,6,0,1,13.96,15.81,49.6,19.5,21,27,48
655,2024-01-28,1,0,1,12,0,6,0,1,14.34,16.48,63.8,15.4,13,21,34
656,2024-01-28,1,0,1,13,0,6,0,4,15.77,14.61,53.3,6.3,3,3,6
657,2024-01-28,1,0,1,14,0,6,0,2,15.6,16.61,47.0,9.7,27,31,58
658,2024-01-28,1,0,1,15,0,6,0,1,14.13,15.52,55.9,15.4,19,18,37
659,2024-01-28,1,0,1,16,0,6,0,1,11.72,11.28,26.9,18.7,16,22,38
660,2024-01-28,1,0,1,17,0,6,0,1,10.87,12.36,56.9,3.1,12,14,26
661,2024-01-28,1,0,1,18,0,6,0,2,9.64,10.73,67.5,6.9,6,8,14
662,2024-01-28,1,0,1,19,0,6,0,1,8.18,6.79,46.4,12.7,6,7,13
663,2024-01-28,1,0,1,20,0,6,0,2,5.42,5.65,51.5,8.6,4,4,8
664,2024-01-28,1,0,1,21,0,6,0,1,4.15,6.32,52.5,1.2,4,5,9
665,2024-01-28,1,0,1,22,0,6,0,2,3.64,4.79,51.5,9.7,7,4,11
666,2024-01-28,1,0,1,23,0,6,0,1,4.24,5.53,57.1,4.8,4,2,6
667,2024-01-29,1,0,1,0,0,0,1,3,-2.54,-1.76,58.8,4.7,1,0,1
668,2024-01-29,1,0,1,1,0,0,1,2,-1.87,-0.97,48.5,5.1,1,1,2
669,2024-01-29,1,0,1,2,0,0,1,1,-1.07,0.13,57.9,4.4,2,1,3
670,2024-01-29,1,0,1,3,0,0,1,1,-0.49,0.74,67.0,4.9,2,1,3
671,2024-01-29,1,0,1,4,0,0,1,2,-0.23,-0.23,58.4,11.1,1,1,2
672,2024-01-29,1,0,1,5,0,0,1,1,2.5,3.43,59.8,10.5,2,2,4
673,2024-01-29,1,0,1,6,0,0,1,1,3.82,4.83,58.9,5.4,4,4,8
674,2024-01-29,1,0,1,7,0,0,1,2,5.15,6.52,61.1,3.1,2,16,18
675,2024-01-29,1,0,1,8,0,0,1,1,6.71,5.93,44.8,6.8,8,26,34
676,2024-01-29,1,0,1,9,0,0,1,1,9.41,11.55,65.8,10.3,2,26,28
677,2024-01-29,1,0,1,10,0,0,1,1,10.11,11.56,62.6,10.7,10,6,16
678,2024-01-29,1,0,1,11,0,0,1,1,8.42,10.85,68.4,3.8,6,8,14
679,2024-01-29,1,0,1,12,0,0,1,1,9.37,10.54,50.4,5.6,6,4,10
680,2024-01-29,1,0,1,13,0,0,1,1,10.66,11.5,56.0,24.4,4,5,9
681,2024-01-29,1,0,1,14,0,0,1,2,9.47,11.13,53.0,18.7,4,3,7
682,2024-01-29,1,0,1,15,0,0,1,2,9.19,9.71,52.9,21.0,10,10,20
683,2024-01-29,1,0,1,16,0,0,1,1,5.79,4.91,69.9,3.9,4,18,22
684,2024-01-29,1,0,1,17,0,0,1,1,5.96,5.82,49.7,0.8,7,35,42
685,2024-01-29,1,0,1,18,0,0,1,2,3.23,5.82,72.7,3.9,5,31,36
686,2024-01-29,1,0,1,19,0,0,1,2,0.53,1.52,58.3,5.8,3,13,16
687,2024-01-29,1,0,1,20,0,0,1,1,-0.53,1.21,46.2,5.1,5,5,10
688,2024-01-29,1,0,1,21,0,0,1,1,2.57,3.92,59.2,11.8,4,4,8
689,2024-01-29,1,0,1,22,0,0,1,1,-0.57,1.21,50.3,16.1,3,2,5
690,2024-01-29,1,0,1,23,0,0,1,1,-0.72,0.03,55.1,23.0,1,0,1
691,2024-01-30,1,0,1,0,0,1,1,1,-0.1,0.19,59.7,9.8,2,1,3
692,2024-01-30,1,0,1,1,0,1,1,1,1.93,1.98,59.0,9.9,2,1,3
693,2024-01-30,1,0,1,2,0,1,1,1,2.05,2.53,55.6,8.3,3,1,4
694,2024-01-30,1,0,1,3,0,1,1,4,3.86,4.18,50.6,20.3,0,0,0
695,2024-01-30,1,0,1,5,0,1,1,1,7.5,7.93,39.2,2.4,5,5,10
696,2024-01-30,1,0,1,6,0,1,1,1,8.15,10.04,52.6,19.8,7,6,13
697,2024-01-30,1,0,1,7,0,1,1,1,9.32,10.13,62.5,2.4,2,25,27
698,2024-01-30,1,0,1,8,0,1,1,3,10.76,12.31,53.7,8.4,5,21,26
699,2024-01-30,1,0,1,9,0,1,1,3,13.05,14.15,46.1,28.2,3,12,15
700,2024-01-30,1,0,1,10,0,1,1,1,16.08,16.85,47.3,9.1,14,13,27
701,2024-01-30,1,0,1,11,0,1,1,3,13.47,15.84,67.4,15.1,1,1,2
702,2024-01-30,1,0,1,12,0,1,1,1,13.73,13.73,47.3,2.2,4,6,10
703,2024-01-30,1,0,1,13,0,1,1,1,13.83,14.16,45.7,9.3,7,10,17
704,2024-01-30,1,0,1,14,0,1,1,1,16.81,17.9,46.5,6.4,6,7,13
705,2024-01-30,1,0,1,15,0,1,1,2,12.71,13.91,47.5,5.5,12,13,25
706,2024-01-30,1,0,1,16,0,1,1,1,12.57,13.26,37.0,16.6,9,42,51
707,2024-01-30,1,0,1,17,0,1,1,2,8.13,9.58,39.8,14.4,8,38,46
708,2024-01-30,1,0,1,18,0,1,1,1,9.34,8.12,63.2,8.5,9,41,50
709,2024-01-30,1,0,1,19,0,1,1,1,5.12,6.65,55.9,4.2,3,29,32
710,2024-01-30,1,0,1,20,0,1,1,1,4.61,6.64,68.4,6.8,8,8,16
711,2024-01-30,1,0,1,21,0,1,1,1,3.58,3.69,42.9,7.0,6,6,12
712,2024-01-30,1,0,1,22,0,1,1,3,1.65,2.48,58.0,9.0,1,1,2
713,2024-01-30,1,0,1,23,0,1,1,1,4.06,3.45,42.6,3.7,3,3,6
714,2024-01-31,1,0,1,0,0,2,1,1,-3.1,-2.13,72.6,20.3,2,2,4
715,2024-01-31,1,0,1,1,0,2,1,1,-3.1,-2.59,57.6,20.5,1,1,2
716,2024-01-31,1,0,1,2,0,2,1,2,0.12,-0.72,62.4,14.9,1,0,1
717,2024-01-31,1,0,1,3,0,2,1,1,-3.21,-2.5,55.7,18.3,2,1,3
718,2024-01-31,1,0,1,4,0,2,1,3,-0.46,0.64,75.5,6.1,1,0,1
719,2024-01-31,1,0,1,5,0,2,1,1,1.16,3.01,53.7,11.3,3,4,7
720,2024-01-31,1,0,1,6,0,2,1,1,2.79,5.46,54.9,6.9,5,7,12
721,2024-01-31,1,0,1,7,0,2,1,2,5.2,7.54,63.9,4.4,4,13,17
722,2024-01-31,1,0,1,8,0,2,1,1,8.52,10.91,55.6,1.3,8,31,39
723,2024-01-31,1,0,1,9,0,2,1,3,6.37,7.37,45.9,8.2,2,13,15
724,2024-01-31,1,0,1,10,0,2,1,3,8.44,10.45,60.1,11.2,3,2,5
725,2024-01-31,1,0,1,11,0,2,1,1,9.05,9.76,49.6,4.6,3,3,6
726,2024-01-31,1,0,1,12,0,2,1,1,11.66,12.59,58.2,5.1,3,5,8
727,2024-01-31,1,0,1,13,0,2,1,3,9.79,9.19,61.1,35.9,2,3,5
728,2024-01-31,1,0,1,14,0,2,1,1,8.28,9.21,54.9,8.3,7,6,13
729,2024-01-31,1,0,1,15,0,2,1,1,7.64,10.15,55.2,15.2,8,7,15
730,2024-01-31,1,0,1,16,0,2,1,2,7.32,9.14,49.7,2.9,5,17,22
731,2024-01-31,1,0,1,17,0,2,1,1,7.4,8.46,64.8,11.9,8,27,35
732,2024-01-31,1,0,1,18,0,2,1,1,2.14,4.8,61.0,21.8,5,19,24
733,2024-01-31,1,0,1,19,0,2,1,2,1.74,2.12,59.7,9.5,4,16,20
734,2024-01-31,1,0,1,20,0,2,1,3,1.93,2.99,46.6,26.0,3,5,8
735,2024-01-31,1,0,1,21,0,2,1,1,-1.49,-0.16,67.7,3.7,3,2,5
736,2024-01-31,1,0,1,22,0,2,1,1,-0.31,1.74,67.1,10.5,2,1,3
737,2024-01-31,1,0,1,23,0,2,1,2,-1.05,-0.49,68.9,14.3,1,0,1
738,2024-02-01,1,0,2,0,0,3,1,2,-0.3,-0.82,63.9,28.6,0,0,0
739,2024-02-01,1,0,2,1,0,3,1,3,1.46,3.14,56.4,12.3,2,1,3
740,2024-02-01,1,0,2,2,0,3,1,2,0.23,0.53,86.1,12.3,1,1,2
741,2024-02-01,1,0,2,3,0,3,1,1,1.71,2.09,72.3,6.1,3,2,5
742,2024-02-01,1,0,2,4,0,3,1,1,5.92,5.51,62.7,3.7,1,0,1
743,2024-02-01,1,0,2,5,0,3,1,1,4.61,4.7,65.5,1.3,3,4,7
744,2024-02-01,1,0,2,6,0,3,1,1,5.25,6.2,44.7,13.1,11,9,20
745,2024-02-01,1,0,2,7,0,3,1,1,9.53,11.15,50.4,19.1,6,26,32
746,2024-02-01,1,0,2,8,0,3,1,2,7.91,8.07,48.0,14.3,5,18,23
747,2024-02-01,1,0,2,9,0,3,1,2,8.8,9.32,54.5,2.8,5,15,20
748,2024-02-01,1,0,2,10,0,3,1,1,10.87,12.36,61.1,6.5,10,11,21
749,2024-02-01,1,0,2,11,0,3,1,1,14.05,13.25,53.1,27.9,6,6,12
750,2024-02-01,1,0,2,12,0,3,1,2,12.2,11.38,51.7,6.2,5,5,10
751,2024-02-01,1,0,2,13,0,3,1,2,11.04,11.4,49.4,25.4,3,4,7
752,2024-02-01,1,0,2,14,0,3,1,1,11.58,12.94,52.5,4.2,7,5,12
753,2024-02-01,1,0,2,15,0,3,1,1,7.96,9.97,60.2,8.9,9,8,17
754,2024-02-01,1,0,2,16,0,3,1,3,8.29,9.04,59.9,8.1,2,17,19
755,2024-02-01,1,0,2,17,0,3,1,1,8.29,9.3,47.2,14.1,4,44,48
756,2024-02-01,1,0,2,18,0,3,1,2,4.34,4.42,64.2,10.2,6,20,26
757,2024-02-01,1,0,2,19,0,3,1,1,3.27,5.05,65.0,10.9,5,12,17
758,2024-02-01,1,0,2,20,0,3,1,1,4.59,5.12,48.6,8.5,8,5,13
759,2024-02-01,1,0,2,21,0,3,1,1,1.9,2.45,47.4,18.6,4,4,8
760,2024-02-01,1,0,2,22,0,3,1,1,1.12,2.3,57.3,2.3,3,2,5
761,2024-02-01,1,0,2,23,0,3,1,3,-0.06,0.43,62.6,2.6,0,0,0
762,2024-02-02,1,0,2,0,0,4,1,2,-1.18,0.0,31.2,4.1,2,1,3
763,2024-02-02,1,0,2,1,0,4,1,1,-1.88,-1.29,54.7,4.4,2,3,5
764,2024-02-02,1,0,2,2,0,4,1,1,-1.35,0.43,66.4,26.9,2,1,3
765,2024-02-02,1,0,2,3,0,4,1,2,-1.85,-0.78,57.6,8.4,1,1,2
766,2024-02-02,1,0,2,4,0,4,1,1,0.06,-0.58,50.5,6.9,3,3,6
767,2024-02-02,1,0,2,5,0,4,1,1,2.09,2.7,58.7,8.1,3,2,5
768,2024-02-02,1,0,2,6,0,4,1,2,3.82,5.25,51.3,7.0,6,8,14
769,2024-02-02,1,0,2,7,0,4,1,2,6.15,6.99,59.6,5.0,3,22,25
770,2024-02-02,1,0,2,8,0,4,1,1,6.18,7.54,63.1,15.5,6,19,25
771,2024-02-02,1,0,2,9,0,4,1,4,11.01,11.97,47.6,3.9,1,6,7
772,2024-02-02,1,0,2,10,0,4,1,1,10.87,11.3,62.9,6.5,9,8,17
773,2024-02-02,1,0,2,11,0,4,1,2,9.13,8.83,57.5,9.5,2,1,3
774,2024-02-02,1,0,2,12,0,4,1,3,8.87,12.04,58.8,9.8,1,1,2
775,2024-02-02,1,0,2,13,0,4,1,4,11.44,13.95,58.6,14.9,1,0,1
776,2024-02-02,1,0,2,14,0,4,1,2,10.91,12.55,66.5,0.7,7,6,13
777,2024-02-02,1,0,2,15,0,4,1,2,9.08,8.95,53.6,21.7,7,10,17
778,2024-02-02,1,0,2,16,0,4,1,2,6.78,8.05,58.3,4.9,4,21,25
779,2024-02-02,1,0,2,17,0,4,1,1,9.09,10.13,63.1,9.8,7,38,45
780,2024-02-02,1,0,2,18,0,4,1,1,4.64,6.25,57.5,12.9,3,24,27
781,2024-02-02,1,0,2,19,0,4,1,1,1.25,2.35,62.9,2.4,5,13,18
782,2024-02-02,1,0,2,20,0,4,1,1,3.67,3.09,65.5,13.9,5,6,11
783,2024-02-02,1,0,2,21,0,4,1,2,1.8,3.55,61.3,5.3,1,0,1
784,2024-02-02,1,0,2,22,0,4,1,1,-0.76,0.89,61.4,17.5,0,0,0
785,2024-02-02,1,0,2,23,0,4,1,3,-0.15,0.63,61.8,4.1,0,0,0
786,2024-02-03,1,0,2,0,0,5,0,1,-1.16,0.63,65.9,33.9,2,2,4
787,2024-02-03,1,0,2,1,0,5,0,1,-1.69,0.91,58.6,10.9,0,0,0
788,2024-02-03,1,0,2,2,0,5,0,1,-2.21,-0.44,54.8,2.8,2,2,4
789,2024-02-03,1,0,2,3,0,5,0,1,-0.96,0.72,67.1,2.9,3,2,5
790,2024-02-03,1,0,2,4,0,5,0,2,0.8,2.12,49.0,6.9,4,3,7
791,2024-02-03,1,0,2,5,0,5,0,3,1.73,1.18,54.6,20.2,2,1,3
792,2024-02-03,1,0,2,6,0,5,0,3,2.72,2.81,61.5,2.8,1,0,1
793,2024-02-03,1,0,2,7,0,5,0,1,6.99,8.26,60.3,7.0,3,3,6
794,2024-02-03,1,0,2,8,0,5,0,4,6.67,8.05,66.5,18.4,3,2,5
795,2024-02-03,1,0,2,9,0,5,0,1,8.91,10.16,42.8,12.9,12,17,29
796,2024-02-03,1,0,2,10,0,5,0,2,9.47,11.15,36.6,35.7,11,10,21
797,2024-02-03,1,0,2,11,0,5,0,3,10.83,12.16,46.0,17.9,9,12,21
798,2024-02-03,1,0,2,12,0,5,0,1,10.18,10.06,64.7,30.6,18,18,36
799,2024-02-03,1,0,2,13,0,5,0,1,11.18,11.73,49.6,16.9,23,24,47
800,2024-02-03,1,0,2,14,0,5,0,1,8.91,9.5,55.3,10.6,20,24,44
801,2024-02-03,1,0,2,15,0,5,0,1,6.68,6.94,52.0,7.9,9,15,24
802,2024-02-03,1,0,2,16,0,5,0,2,7.77,8.48,57.9,12.7,9,13,22
803,2024-02-03,1,0,2,17,0,5,0,1,7.14,7.58,73.4,10.6,13,13,26
804,2024-02-03,1,0,2,18,0,5,0,1,6.03,7.49,57.2,22.2,9,9,18
805,2024-02-03,1,0,2,19,0,5,0,2,2.88,3.58,69.0,4.4,4,4,8
806,2024-02-03,1,0,2,20,0,5,0,1,3.01,1.75,58.5,2.9,4,4,8
807,2024-02-03,1,0,2,21,0,5,0,3,2.96,3.8,56.8,2.1,2,2,4
808,2024-02-03,1,0,2,22,0,5,0,1,-0.54,-0.81,56.1,3.8,2,1,3
809,2024-02-03,1,0,2,23,0,5,0,2,-1.22,-0.84,58.0,15.3,1,1,2
810,2024-02-04,1,0,2,0,0,6,0,1,4.6,5.63,54.3,16.1,4,5,9
811,2024-02-04,1,0,2,1,0,6,0,3,1.95,3.14,43.0,6.7,2,1,3
812,2024-02-04,1,0,2,2,0,6,0,1,5.31,6.23,52.9,8.6,3,5,8
813,2024-02-04,1,0,2,3,0,6,0,3,2.65,2.92,61.3,8.0,3,1,4
814,2024-02-04,1,0,2,4,0,6,0,1,4.97,5.26,55.7,3.4,4,4,8
815,2024-02-04,1,0,2,5,0,6,0,3,7.7,8.84,59.1,10.1,2,2,4
816,2024-02-04,1,0,2,6,0,6,0,1,11.69,11.47,52.0,3.7,10,12,22
817,2024-02-04,1,0,2,7,0,6,0,3,10.29,10.7,42.3,5.7,5,3,8
818,2024-02-04,1,0,2,8,0,6,0,1,12.74,14.18,54.6,5.5,13,9,22
819,2024-02-04,1,0,2,9,0,6,0,2,12.94,14.19,50.2,19.6,9,11,20
820,2024-02-04,1,0,2,10,0,6,0,1,15.06,16.99,47.5,19.4,26,21,47
821,2024-02-04,1,0,2,11,0,6,0,2,15.41,16.4,40.1,8.2,27,25,52
822,2024-02-04,1,0,2,12,0,6,0,1,16.52,17.27,48.0,30.5,22,30,52
823,2024-02-04,1,0,2,13,0,6,0,1,15.34,18.1,40.4,8.1,20,34,54
824,2024-02-04,1,0,2,14,0,6,0,3,16.4,17.72,46.4,4.7,16,22,38
825,2024-02-04,1,0,2,15,0,6,0,2,13.55,13.92,41.3,10.1,19,19,38
826,2024-02-04,1,0,2,16,0,6,0,3,13.59,14.39,53.8,9.9,9,8,17
827,2024-02-04,1,0,2,17,0,6,0,3,7.31,8.35,66.0,3.2,11,10,21
828,2024-02-04,1,0,2,18,0,6,0,1,11.34,12.12,69.3,1.6,10,10,20
829,2024-02-04,1,0,2,19,0,6,0,2,8.49,9.51,46.1,1.1,6,7,13
830,2024-02-04,1,0,2,20,0,6,0,1,6.97,8.29,50.3,1.4,5,4,9
831,2024-02-04,1,0,2,21,0,6,0,1,6.49,8.09,57.5,12.7,2,0,2
832,2024-02-04,1,0,2,22,0,6,0,1,4.75,7.72,63.4,3.9,3,3,6
833,2024-02-04,1,0,2,23,0,6,0,2,6.1,6.47,75.4,7.6,4,4,8
834,2024-02-05,1,0,2,0,0,0,1,1,0.69,3.21,54.5,6.7,2,1,3
835,2024-02-05,1,0,2,1,0,0,1,1,3.61,3.95,53.9,0.9,3,1,4
836,2024-02-05,1,0,2,2,0,0,1,2,4.14,5.51,63.5,7.6,4,3,7
837,2024-02-05,1,0,2,3,0,0,1,1,5.61,6.6,58.7,21.0,2,4,6
838,2024-02-05,1,0,2,4,0,0,1,1,5.91,7.53,74.0,16.1,2,2,4
839,2024-02-05,1,0,2,5,0,0,1,1,5.45,6.75,61.2,9.0,3,4,7
840,2024-02-05,1,0,2,6,0,0,1,1,9.39,9.18,62.3,11.6,9,8,17
841,2024-02-05,1,0,2,7,0,0,1,2,10.81,10.67,42.5,7.9,4,22,26
842,2024-02-05,1,0,2,8,0,0,1,2,11.32,13.1,56.8,9.6,6,30,36
843,2024-02-05,1,0,2,9,0,0,1,3,13.49,12.64,65.2,2.9,1,17,18
844,2024-02-05,1,0,2,10,0,0,1,1,14.57,14.76,46.1,5.0,12,14,26
845,2024-02-05,1,0,2,11,0,0,1,2,12.01,12.66,66.1,6.0,6,5,11
846,2024-02-05,1,0,2,12,0,0,1,2,12.92,13.75,66.4,19.3,3,3,6
847,2024-02-05,1,0,2,13,0,0,1,1,13.44,13.56,57.8,16.7,5,4,9
848,2024-02-05,1,0,2,14,0,0,1,2,13.5,15.73,46.6,5.1,4,6,10
849,2024-02-05,1,0,2,15,0,0,1,2,11.02,11.76,53.1,27.8,6,5,11
850,2024-02-05,1,0,2,16,0,0,1,1,12.08,12.5,62.9,3.5,6,40,46
851,2024-02-05,1,0,2,17,0,0,1,2,11.4,10.97,61.7,37.2,6,23,29
852,2024-02-05,1,0,2,18,0,0,1,1,9.65,9.98,49.4,12.8,11,49,60
853,2024-02-05,1,0,2,19,0,0,1,1,7.12,7.38,66.0,4.9,3,22,25
854,2024-02-05,1,0,2,21,0,0,1,2,5.81,7.82,62.2,13.2,2,3,5
855,2024-02-05,1,0,2,22,0,0,1,1,3.27,5.81,58.7,18.5,4,3,7
856,2024-02-05,1,0,2,23,0,0,1,1,3.99,4.67,63.3,15.9,3,2,5
857,2024-02-06,1,0,2,0,0,1,1,1,-1.67,-0.34,70.7,7.4,1,1,2
858,2024-02-06,1,0,2,1,0,1,1,1,-1.76,0.54,56.3,7.2,2,1,3
859,2024-02-06,1,0,2,2,0,1,1,1,-1.24,-0.38,65.7,7.1,1,0,1
860,2024-02-06,1,0,2,3,0,1,1,1,0.61,1.16,69.8,1.7,1,0,1
861,2024-02-06,1,0,2,4,0,1,1,1,-1.53,0.56,64.2,17.9,2,1,3
862,2024-02-06,1,0,2,5,0,1,1,2,0.93,2.39,79.2,7.6,1,1,2
863,2024-02-06,1,0,2,6,0,1,1,1,4.67,5.44,66.7,16.8,4,4,8
864,2024-02-06,1,0,2,7,0,1,1,1,3.8,4.57,69.8,18.1,2,13,15
865,2024-02-06,1,0,2,8,0,1,1,1,6.1,8.39,50.2,18.1,4,24,28
866,2024-02-06,1,0,2,9,0,1,1,3,8.38,8.48,46.3,12.5,2,9,11
867,2024-02-06,1,0,2,10,0,1,1,1,11.01,12.07,54.4,33.8,10,9,19
868,2024-02-06,1,0,2,11,0,1,1,2,8.46,8.91,58.0,14.6,5,4,9
869,2024-02-06,1,0,2,12,0,1,1,2,10.84,12.53,56.1,3.0,4,6,10
870,2024-02-06,1,0,2,13,0,1,1,2,6.13,6.21,47.2,9.8,1,0,1
871,2024-02-06,1,0,2,14,0,1,1,1,9.81,10.92,58.7,10.0,7,7,14
872,2024-02-06,1,0,2,15,0,1,1,4,6.39,6.03,59.1,3.8,2,1,3
873,2024-02-06,1,0,2,16,0,1,1,1,7.82,8.92,38.5,1.4,4,20,24
874,2024-02-06,1,0,2,17,0,1,1,4,2.48,4.14,53.3,6.0,1,6,7
875,2024-02-06,1,0,2,18,0,1,1,2,4.0,4.72,41.2,18.1,6,19,25
876,2024-02-06,1,0,2,19,0,1,1,2,2.48,3.3,43.8,10.3,1,14,15
877,2024-02-06,1,0,2,20,0,1,1,1,-1.29,1.01,62.3,23.5,4,4,8
878,2024-02-06,1,0,2,21,0,1,1,3,1.02,1.08,49.8,9.9,3,3,6
879,2024-02-06,1,0,2,22,0,1,1,2,1.07,2.79,56.3,1.7,2,2,4
880,2024-02-06,1,0,2,23,0,1,1,1,-2.94,-2.86,65.7,13.1,0,0,0
881,2024-02-07,1,0,2,0,0,2,1,2,-4.17,-3.09,65.4,9.4,1,1,2
882,2024-02-07,1,0,2,1,0,2,1,2,-3.88,-2.57,73.1,10.2,1,0,1
883,2024-02-07,1,0,2,2,0,2,1,1,-2.98,-2.97,58.7,5.0,2,1,3
884,2024-02-07,1,0,2,3,0,2,1,2,-1.93,-1.5,66.9,7.9,1,0,1
885,2024-02-07,1,0,2,4,0,2,1,1,-2.0,-0.46,76.2,4.4,1,0,1
886,2024-02-07,1,0,2,5,0,2,1,1,0.21,-0.08,45.4,10.4,2,2,4
887,2024-02-07,1,0,2,6,0,2,1,1,5.38,7.26,55.9,17.1,9,8,17
888,2024-02-07,1,0,2,7,0,2,1,1,2.78,3.67,70.7,2.5,6,19,25
889,2024-02-07,1,0,2,8,0,2,1,2,5.59,6.39,49.1,3.6,4,23,27
890,2024-02-07,1,0,2,9,0,2,1,1,6.68,7.14,52.3,9.2,5,18,23
891,2024-02-07,1,0,2,10,0,2,1,3,8.25,9.56,48.7,15.3,3,2,5
892,2024-02-07,1,0,2,11,0,2,1,2,9.37,10.82,39.3,8.2,3,2,5
893,2024-02-07,1,0,2,12,0,2,1,3,8.12,8.52,30.0,14.6,3,3,6
894,2024-02-07,1,0,2,13,0,2,1,2,7.81,8.02,54.1,7.1,3,2,5
895,2024-02-07,1,0,2,14,0,2,1,3,5.4,6.11,64.4,6.5,2,2,4
896,2024-02-07,1,0,2,15,0,2,1,2,6.35,7.46,58.0,21.4,5,6,11
897,2024-02-07,1,0,2,16,0,2,1,3,3.92,6.21,63.5,4.9,3,9,12
898,2024-02-07,1,0,2,17,0,2,1,1,2.93,3.66,47.5,12.7,3,27,30
899,2024-02-07,1,0,2,18,0,2,1,2,1.44,2.42,62.9,3.3,4,15,19
900,2024-02-07,1,0,2,19,0,2,1,2,1.47,1.54,60.3,16.8,3,13,16
901,2024-02-07,1,0,2,20,0,2,1,1,-1.16,1.99,53.1,6.8,3,2,5
902,2024-02-07,1,0,2,21,0,2,1,3,-2.9,-0.82,56.6,27.0,2,1,3
903,2024-02-07,1,0,2,22,0,2,1,2,-5.26,-4.35,64.5,8.6,3,2,5
904,2024-02-07,1,0,2,23,0,2,1,1,-3.9,-3.54,39.8,6.6,1,0,1
905,2024-02-08,1,0,2,0,0,3,1,1,0.47,1.33,52.6,12.8,1,0,1
906,2024-02-08,1,0,2,1,0,3,1,1,2.22,2.26,50.4,13.4,2,2,4
907,2024-02-08,1,0,2,2,0,3,1,1,2.18,3.92,54.5,1.7,2,1,3
908,2024-02-08,1,0,2,3,0,3,1,2,2.14,4.42,57.6,10.4,2,0,2
909,2024-02-08,1,0,2,4,0,3,1,3,2.7,3.98,64.3,12.5,1,0,1
910,2024-02-08,1,0,2,5,0,3,1,2,4.59,5.5,65.8,10.4,3,3,6
911,2024-02-08,1,0,2,6,0,3,1,1,7.01,9.49,60.1,17.2,7,8,15
912,2024-02-08,1,0,2,7,0,3,1,3,7.96,10.07,37.7,2.1,2,10,12
913,2024-02-08,1,0,2,8,0,3,1,2,10.7,12.68,69.7,10.0,5,25,30
914,2024-02-08,1,0,2,9,0,3,1,1,10.52,12.36,48.8,14.6,4,19,23
915,2024-02-08,1,0,2,10,0,3,1,3,9.66,10.46,50.4,5.4,5,5,10
916,2024-02-08,1,0,2,11,0,3,1,3,11.94,14.54,50.5,13.8,3,2,5
917,2024-02-08,1,0,2,12,0,3,1,1,13.95,14.47,61.0,14.7,2,2,4
918,2024-02-08,1,0,2,13,0,3,1,1,10.25,11.57,53.1,23.6,7,7,14
919,2024-02-08,1,0,2,14,0,3,1,1,10.81,11.62,53.1,5.5,5,6,11
920,2024-02-08,1,0,2,15,0,3,1,2,11.5,13.02,60.8,1.1,8,7,15
921,2024-02-08,1,0,2,16,0,3,1,1,8.27,9.8,73.3,5.2,6,25,31
922,2024-02-08,1,0,2,17,0,3,1,2,6.99,8.95,45.5,15.6,8,37,45
923,2024-02-08,1,0,2,18,0,3,1,3,4.07,4.28,57.5,3.6,4,15,19
924,2024-02-08,1,0,2,19,0,3,1,1,5.38,5.81,46.1,5.9,7,26,33
925,2024-02-08,1,0,2,20,0,3,1,1,3.07,4.06,67.1,25.6,5,8,13
926,2024-02-08,1,0,2,21,0,3,1,1,2.64,3.17,53.1,3.4,5,5,10
927,2024-02-08,1,0,2,22,0,3,1,1,0.95,2.86,60.3,4.0,3,3,6
928,2024-02-08,1,0,2,23,0,3,1,1,0.21,-0.04,49.1,14.1,0,0,0
929,2024-02-09,1,0,2,0,0,4,1,1,-1.97,-1.82,64.6,15.1,3,3,6
930,2024-02-09,1,0,2,1,0,4,1,1,-1.34,-0.44,50.1,6.4,1,1,2
931,2024-02-09,1,0,2,2,0,4,1,1,-1.86,-1.19,61.9,1.7,3,2,5
932,2024-02-09,1,0,2,3,0,4,1,3,0.67,2.08,58.1,20.9,1,0,1
933,2024-02-09,1,0,2,4,0,4,1,2,2.55,3.9,58.7,7.3,2,2,4
934,2024-02-09,1,0,2,5,0,4,1,3,4.17,5.24,49.2,18.5,0,0,0
935,2024-02-09,1,0,2,6,0,4,1,2,3.4,4.64,69.4,1.6,5,3,8
936,2024-02-09,1,0,2,7,0,4,1,1,4.71,5.98,50.7,3.3,5,22,27
937,2024-02-09,1,0,2,8,0,4,1,4,5.59,5.58,48.6,4.5,1,6,7
938,2024-02-09,1,0,2,9,0,4,1,1,8.32,9.88,60.1,5.6,6,19,25
939,2024-02-09,1,0,2,10,0,4,1,1,8.82,10.32,69.2,2.7,5,5,10
940,2024-02-09,1,0,2,11,0,4,1,2,10.34,11.01,44.0,3.8,8,5,13
941,2024-02-09,1,0,2,12,0,4,1,2,12.3,13.99,46.0,6.6,4,3,7
942,2024-02-09,1,0,2,13,0,4,1,1,8.5,9.56,66.4,1.4,3,2,5
943,2024-02-09,1,0,2,14,0,4,1,2,9.95,10.82,57.4,4.9,5,5,10
944,2024-02-09,1,0,2,15,0,4,1,2,8.57,9.54,54.1,10.1,5,8,13
945,2024-02-09,1,0,2,16,0,4,1,1,4.64,5.09,56.5,11.3,2,24,26
946,2024-02-09,1,0,2,17,0,4,1,3,5.75,8.02,57.5,17.1,5,13,18
947,2024-02-09,1,0,2,18,0,4,1,4,5.42,6.29,66.3,5.6,1,5,6
948,2024-02-09,1,0,2,19,0,4,1,3,3.97,5.01,49.4,7.3,3,14,17
949,2024-02-09,1,0,2,20,0,4,1,1,1.11,0.63,53.1,6.0,11,9,20
950,2024-02-09,1,0,2,21,0,4,1,1,-0.62,0.58,57.0,8.6,2,1,3
951,2024-02-09,1,0,2,22,0,4,1,1,-3.05,-0.46,71.3,1.4,2,1,3
952,2024-02-09,1,0,2,23,0,4,1,4,-1.48,-0.02,52.8,25.1,1,0,1
953,2024-02-10,1,0,2,0,0,5,0,1,1.07,0.69,59.2,8.2,3,3,6
954,2024-02-10,1,0,2,1,0,5,0,4,-0.44,0.85,60.8,12.5,1,0,1
955,2024-02-10,1,0,2,2,0,5,0,1,0.86,2.44,54.9,6.3,3,4,7
956,2024-02-10,1,0,2,3,0,5,0,2,3.12,3.82,53.6,5.6,2,0,2
957,2024-02-10,1,0,2,4,0,5,0,1,4.6,5.02,54.3,3.2,5,4,9
958,2024-02-10,1,0,2,5,0,5,0,1,6.34,7.06,75.9,6.5,4,4,8
959,2024-02-10,1,0,2,6,0,5,0,1,7.97,9.48,51.2,1.1,4,5,9
960,2024-02-10,1,0,2,7,0,5,0,1,8.59,9.88,50.8,9.6,7,8,15
961,2024-02-10,1,0,2,8,0,5,0,1,9.78,12.42,70.2,7.7,5,5,10
962,2024-02-10,1,0,2,9,0,5,0,1,10.37,11.31,65.8,5.0,8,9,17
963,2024-02-10,1,0,2,10,0,5,0,4,13.62,14.59,54.3,9.8,2,2,4
964,2024-02-10,1,0,2,11,0,5,0,2,13.35,14.37,52.6,13.7,17,22,39
965,2024-02-10,1,0,2,12,0,5,0,2,15.44,18.41,62.4,5.6,17,27,44
966,2024-02-10,1,0,2,13,0,5,0,2,11.71,11.91,62.7,21.7,16,17,33
967,2024-02-10,1,0,2,14,0,5,0,1,11.01,11.49,59.5,14.3,19,22,41
968,2024-02-10,1,0,2,15,0,5,0,1,13.25,13.58,53.7,12.5,22,24,46
969,2024-02-10,1,0,2,16,0,5,0,1,10.87,10.44,59.7,22.1,12,13,25
970,2024-02-10,1,0,2,17,0,5,0,2,7.7,8.65,59.0,2.4,7,8,15
971,2024-02-10,1,0,2,18,0,5,0,2,7.67,8.96,67.1,8.3,6,5,11
972,2024-02-10,1,0,2,19,0,5,0,1,8.74,9.42,57.7,12.5,6,5,11
973,2024-02-10,1,0,2,20,0,5,0,2,5.53,6.09,52.5,11.2,3,3,6
974,2024-02-10,1,0,2,21,0,5,0,2,2.98,3.88,53.8,2.1,3,2,5
975,2024-02-10,1,0,2,22,0,5,0,1,-2.08,-0.86,49.9,7.0,5,4,9
976,2024-02-10,1,0,2,23,0,5,0,1,2.27,3.42,72.1,5.0,3,4,7
977,2024-02-11,1,0,2,0,0,6,0,2,1.32,2.28,50.0,7.0,3,3,6
978,2024-02-11,1,0,2,1,0,6,0,2,2.49,1.83,56.9,5.2,2,1,3
979,2024-02-11,1,0,2,2,0,6,0,2,2.06,3.06,50.1,17.7,0,0,0
980,2024-02-11,1,0,2,3,0,6,0,1,3.96,4.63,53.3,0.4,4,2,6
981,2024-02-11,1,0,2,4,0,6,0,1,6.71,8.56,64.2,18.4,3,2,5
982,2024-02-11,1,0,2,5,0,6,0,2,5.86,6.2,62.0,4.9,2,2,4
983,2024-02-11,1,0,2,6,0,6,0,1,8.98,10.18,57.8,11.5,6,6,12
984,2024-02-11,1,0,2,7,0,6,0,2,9.65,11.82,54.9,0.4,7,8,15
985,2024-02-11,1,0,2,8,0,6,0,1,9.82,9.86,57.7,12.4,7,5,12
986,2024-02-11,1,0,2,9,0,6,0,1,12.86,14.59,49.4,7.0,20,22,42
987,2024-02-11,1,0,2,10,0,6,0,1,11.99,14.28,60.4,15.9,13,15,28
988,2024-02-11,1,0,2,11,0,6,0,1,13.67,16.53,60.3,21.2,19,25,44
989,2024-02-11,1,0,2,12,0,6,0,1,13.46,15.51,47.6,7.2,20,24,44
990,2024-02-11,1,0,2,13,0,6,0,1,10.85,12.68,53.9,5.4,18,25,43
991,2024-02-11,1,0,2,14,0,6,0,1,11.44,12.49,54.1,10.5,14,20,34
992,2024-02-11,1,0,2,15,0,6,0,1,10.68,13.12,69.8,26.6,14,15,29
993,2024-02-11,1,0,2,16,0,6,0,2,11.67,13.37,54.8,3.8,11,10,21
994,2024-02-11,1,0,2,17,0,6,0,1,9.14,9.31,59.7,11.4,9,11,20
995,2024-02-11,1,0,2,18,0,6,0,1,6.83,9.1,59.9,5.6,9,9,18
996,2024-02-11,1,0,2,19,0,6,0,2,6.58,8.06,68.2,5.3,6,4,10
997,2024-02-11,1,0,2,20,0,6,0,1,3.65,5.27,50.8,8.4,5,4,9
998,2024-02-11,1,0,2,21,0,6,0,1,3.08,3.4,57.0,6.0,4,5,9
999,2024-02-11,1,0,2,22,0,6,0,2,0.79,3.3,47.5,9.1,2,2,4
1000,2024-02-11,1,0,2,23,0,6,0,3,-0.73,0.21,67.0,16.0,0,0,0
